Workbook
Name _______________________________________________________________________________wwp1: #REF!
Name _______________________________________________________________________________wwp2: #REF!
Name ______________________________________________________________________________wwp1: #REF!
Name ______________________________________________________________________________wwp2: #REF!
Name _____________________________________________________________________________wwp1: #REF!
Name _____________________________________________________________________________wwp2: #REF!
Name ____________________________________________________________________________wwp1: #REF!
Name ____________________________________________________________________________wwp2: #REF!
Name ___________________________________________________________________________wwp1: #REF!
Name ___________________________________________________________________________wwp2: #REF!
Name __________________________________________________________________________wwp1: #REF!
Name __________________________________________________________________________wwp2: #REF!
Name _________________________________________________________________________wwp1: #REF!
Name _________________________________________________________________________wwp2: #REF!
Name ________________________________________________________________________wwp1: #REF!
Name ________________________________________________________________________wwp2: #REF!
Name _______________________________________________________________________wwp1: #REF!
Name _______________________________________________________________________wwp2: #REF!
Name ______________________________________________________________________wwp1: #REF!
Name ______________________________________________________________________wwp2: #REF!
Name _____________________________________________________________________wwp1: #REF!
Name _____________________________________________________________________wwp2: #REF!
Name ____________________________________________________________________wwp1: #REF!
Name ____________________________________________________________________wwp2: #REF!
Name ___________________________________________________________________wwp1: #REF!
Name ___________________________________________________________________wwp2: #REF!
Name __________________________________________________________________wwp1: #REF!
Name __________________________________________________________________wwp2: #REF!
Name _________________________________________________________________wwp1: #REF!
Name _________________________________________________________________wwp2: #REF!
Name ________________________________________________________________wwp1: #REF!
Name ________________________________________________________________wwp2: #REF!
Name _______________________________________________________________wwp1: #REF!
Name _______________________________________________________________wwp2: #REF!
Name ______________________________________________________________wwp1: #REF!
Name ______________________________________________________________wwp2: #REF!
Name _____________________________________________________________wwp1: #REF!
Name _____________________________________________________________wwp2: #REF!
Name ____________________________________________________________wwp1: #REF!
Name ____________________________________________________________wwp2: #REF!
Name ___________________________________________________________wwp1: #REF!
Name ___________________________________________________________wwp2: #REF!
Name __________________________________________________________wwp1: #REF!
Name __________________________________________________________wwp2: #REF!
Name _________________________________________________________wwp1: #REF!
Name _________________________________________________________wwp2: #REF!
Name ________________________________________________________wwp1: #REF!
Name ________________________________________________________wwp2: #REF!
Name _______________________________________________________wwp1: #REF!
Name _______________________________________________________wwp2: #REF!
Name ______________________________________________________wwp1: #REF!
Name ______________________________________________________wwp2: #REF!
Name _____________________________________________________wwp1: #REF!
Name _____________________________________________________wwp2: #REF!
Name ____________________________________________________wwp1: #REF!
Name ____________________________________________________wwp2: #REF!
Name ___________________________________________________wwp1: #REF!
Name ___________________________________________________wwp2: #REF!
Name __________________________________________________wwp1: #REF!
Name __________________________________________________wwp2: #REF!

Sheet Overall Monthly
B1: Mechanical Availability (Monthly) | E1: 0 | AJ1: 0 | AK1: 0 | AL1: 0 | AM1: 1
B2: Metrics | C2: Model | D2: Fleet | E2: 46047 | F2: 46048 | G2: 46049 | H2: 46050 | I2: 46051 | J2: 46052 | K2: 46053 | L2: 46054 | M2: 46055 | N2: 46056 | O2: 46057 | P2: 46058 | Q2: 46059 | R2: 46060 | S2: 46061 | T2: 46062 | U2: 46063 | V2: 46064 | W2: 46065 | X2: 46066 | Y2: 46067 | Z2: 46068 | AA2: 46069 | AB2: 46070 | AC2: 46071 | AD2: 46072 | AE2: 46073 | AF2: 46074 | AG2: 46075 | AH2: 46076 | AI2: 46077 | AJ2: 46053 | AK2: 46081 | AL2: 46111 | AM2: 31 apr | AN2: Average | AO2: Target
A3: =C3&D3 -> 320GC - DFOverall MTD | B3: Mechanical Availability | C3: 320GC - DF | D3: Overall MTD | AJ3: 0.92807646 | AK3: 0.92807646 | AL3: 0.96230159 | AM3: =VLOOKUP(A3,Overall!B:DD,83,0) -> #N/A | AN3: =AVERAGE(AJ3:AM3) -> #N/A | AO3: 0.88
A4: =C4&D4 -> 320GC - DFOverall YTD | B4: Mechanical Availability | C4: 320GC - DF | D4: Overall YTD | AJ4: 0.94172138 | AK4: 0.94172138 | AL4: 0.9486641 | AM4: =VLOOKUP(A4,Overall!B:DD,83,0) -> #N/A | AN4: =AVERAGE(AJ4:AM4) -> #N/A | AO4: 0.88
A5: =C5&D5 -> 320GC - DFLeftover Downtime MTD (hr) | B5: Mechanical Availability | C5: 320GC - DF | D5: Leftover Downtime MTD (hr) | E5: 0 | F5: 0 | G5: 0 | H5: 0 | I5: 0 | J5: 0 | K5: 0 | L5: 0 | M5: 0 | N5: 0 | O5: 0 | P5: 0 | Q5: 0 | R5: 0 | S5: 0 | T5: 0 | U5: 0 | V5: 0 | W5: 0 | X5: 0 | Y5: 0 | Z5: 0 | AA5: 0 | AB5: 0 | AC5: 0 | AD5: 0 | AE5: 0 | AF5: 0 | AG5: 0 | AH5: 0 | AI5: 0 | AJ5: 107.30667 | AK5: 107.30667 | AL5: 165.92 | AM5: =VLOOKUP(A5,Overall!B:DD,83,0) -> #N/A | AN5: =AVERAGE(AJ5:AM5) -> #N/A | AO5: 25
A6: =C6&D6 -> 320GCOverall MTD | B6: Mechanical Availability | C6: 320GC | D6: Overall MTD | E6: #REF! | F6: #REF! | G6: #REF! | H6: #REF! | I6: #REF! | J6: #REF! | K6: #REF! | L6: #REF! | M6: #REF! | N6: #REF! | O6: #REF! | P6: #REF! | Q6: #REF! | R6: #REF! | S6: #REF! | T6: #REF! | U6: #REF! | V6: #REF! | W6: #REF! | X6: #REF! | Y6: #REF! | Z6: #REF! | AA6: #REF! | AB6: #REF! | AC6: #REF! | AD6: #REF! | AE6: #REF! | AF6: #REF! | AG6: #REF! | AH6: #REF! | AI6: #REF! | AJ6: 0.90184635 | AK6: 0.90184635 | AL6: 0.92089991 | AM6: =VLOOKUP(A6,Overall!B:DD,83,0) -> #N/A | AN6: =AVERAGE(AJ6:AM6) -> #N/A | AO6: 0.88
A7: =C7&D7 -> 320GCOverall YTD | B7: Mechanical Availability | C7: 320GC | D7: Overall YTD | E7: #REF! | F7: #REF! | G7: #REF! | H7: #REF! | I7: #REF! | J7: #REF! | K7: #REF! | L7: #REF! | M7: #REF! | N7: #REF! | O7: #REF! | P7: #REF! | Q7: #REF! | R7: #REF! | S7: #REF! | T7: #REF! | U7: #REF! | V7: #REF! | W7: #REF! | X7: #REF! | Y7: #REF! | Z7: #REF! | AA7: #REF! | AB7: #REF! | AC7: #REF! | AD7: #REF! | AE7: #REF! | AF7: #REF! | AG7: #REF! | AH7: #REF! | AI7: #REF! | AJ7: 0.90185639 | AK7: 0.90185639 | AL7: 0.90828071 | AM7: =VLOOKUP(A7,Overall!B:DD,83,0) -> #N/A | AN7: =AVERAGE(AJ7:AM7) -> #N/A | AO7: 0.88
A8: =C8&D8 -> 320GCLeftover Downtime MTD (hr) | B8: Mechanical Availability | C8: 320GC | D8: Leftover Downtime MTD (hr) | AJ8: 308.82 | AK8: 308.82 | AL8: 522.21 | AM8: =VLOOKUP(A8,Overall!B:DD,83,0) -> #N/A | AN8: =AVERAGE(AJ8:AM8) -> #N/A | AO8: 25
A9: =C9&D9 -> 330NGOverall MTD | B9: Mechanical Availability | C9: 330NG | D9: Overall MTD | E9: 0.90579459 | F9: 0.97419591 | G9: 0.97288012 | H9: 0.97446394 | I9: 0.96557018 | J9: 0.96645468 | K9: 0.95903996 | L9: 0.94842836 | M9: 0.93686495 | N9: 0.93208252 | O9: 0.92347222 | P9: 0.92019537 | Q9: 0.92242629 | R9: 0.92434492 | S9: 0.9213868 | T9: 0.92238791 | U9: 0.92324105 | V9: 0.91649037 | W9: 0.91181571 | X9: 0.91263466 | Y9: 0.90649488 | Z9: 0.90783556 | AA9: 0.90724016 | AB9: 0.90375032 | AC9: 0.90403113 | AD9: 0.90494298 | AE9: 0.90568067 | AF9: 0.90531595 | AG9: 0.90313283 | AH9: 0.90227995 | AI9: 0.90202851 | AJ9: 0.85312805 | AK9: 0.85312805 | AL9: 0.83609082 | AM9: =VLOOKUP(A9,Overall!B:DD,83,0) -> #N/A | AN9: =AVERAGE(AJ9:AM9) -> #N/A | AO9: 0.88
A10: =C10&D10 -> 330NGOverall YTD | B10: Mechanical Availability | C10: 330NG | D10: Overall YTD | E10: 0.90186937 | F10: 0.90476243 | G10: 0.90733173 | H10: 0.90993543 | I10: 0.91096948 | J10: 0.91300476 | K10: 0.91330348 | L10: 0.91238269 | M10: 0.91061826 | N10: 0.91010932 | O10: 0.90822315 | P10: 0.90762897 | Q10: 0.90872167 | R10: 0.90976618 | S10: 0.90906 | T10: 0.90976111 | U10: 0.91041804 | V10: 0.90793173 | W10: 0.90613208 | X10: 0.90662612 | Y10: 0.90397187 | Z10: 0.90465359 | AA10: 0.90443801 | AB10: 0.90278983 | AC10: 0.90295025 | AD10: 0.90343754 | AE10: 0.90385124 | AF10: 0.90369403 | AG10: 0.90254969 | AH10: 0.90209402 | AI10: 0.90195778 | AJ10: 0.81315197 | AK10: 0.81315197 | AL10: 0.82089038 | AM10: =VLOOKUP(A10,Overall!B:DD,83,0) -> #N/A | AN10: =AVERAGE(AJ10:AM10) -> #N/A | AO10: 0.88
A11: =C11&D11 -> 330NGLeftover Downtime MTD (hr) | B11: Mechanical Availability | C11: 330NG | D11: Leftover Downtime MTD (hr) | AJ11: -219.92 | AK11: -219.92 | AL11: -324.57667 | AM11: =VLOOKUP(A11,Overall!B:DD,83,0) -> #N/A | AN11: =AVERAGE(AJ11:AM11) -> #N/A | AO11: 25
A12: =C12&D12 -> 320GC - LAOverall MTD | B12: Mechanical Availability | C12: 320GC - LA | D12: Overall MTD | AJ12: 0.81599462 | AK12: 0.81599462 | AL12: 0.9176422 | AM12: =VLOOKUP(A12,Overall!B:DD,83,0) -> #N/A | AN12: =AVERAGE(AJ12:AM12) -> #N/A | AO12: 0.88
A13: =C13&D13 -> 320GC - LAOverall YTD | B13: Mechanical Availability | C13: 320GC - LA | D13: Overall YTD | AJ13: 0.85728956 | AK13: 0.85728956 | AL13: 0.87764949 | AM13: =VLOOKUP(A13,Overall!B:DD,83,0) -> #N/A | AN13: =AVERAGE(AJ13:AM13) -> #N/A | AO13: 0.88
A14: =C14&D14 -> 320GC - LALeftover Downtime MTD (hr) | B14: Mechanical Availability | C14: 320GC - LA | D14: Leftover Downtime MTD (hr) | AJ14: -142.86 | AK14: -142.86 | AL14: 75.886667 | AM14: =VLOOKUP(A14,Overall!B:DD,83,0) -> #N/A | AN14: =AVERAGE(AJ14:AM14) -> #N/A | AO14: 25
A15: =C15&D15 -> 777D/EOverall MTD | B15: Mechanical Availability | C15: 777D/E | D15: Overall MTD | AJ15: 0.8421 | AK15: 0.87813927 | AL15: 0.84464286 | AM15: =VLOOKUP(A15,Overall!B:DD,83,0) -> #N/A | AN15: =AVERAGE(AJ15:AM15) -> #N/A | AO15: 0.88
A16: =C16&D16 -> KDP & FKROverall YTD | B16: Mechanical Availability | C16: KDP & FKR | D16: Overall YTD | AJ16: =AJ15 -> 0.8421 | AK16: =AVERAGE(AJ15:AK15) -> 0.86011963 | AL16: 0.87374323 | AM16: =VLOOKUP(A16,Overall!B:DD,83,0) -> #N/A | AN16: =AVERAGE(AJ16:AM16) -> #N/A | AO16: 0.88
A17: =C17&D17 -> KDP & FKRLeftover Downtime MTD (hr) | B17: Mechanical Availability | C17: KDP & FKR | D17: Leftover Downtime MTD (hr) | AJ17: -20 | AK17: -6.52 | AL17: -118.8 | AM17: =VLOOKUP(A17,Overall!B:DD,83,0) -> #N/A | AN17: =AVERAGE(AJ17:AM17) -> #N/A | AO17: 25
A18: =C18&D18 -> 777Overall MTD | B18: Mechanical Availability | C18: 777 | D18: Overall MTD | AJ18: 0.889 | AK18: 0.92237903 | AL18: 0.89174107 | AM18: =VLOOKUP(A18,Overall!B:DD,83,0) -> #N/A | AN18: =AVERAGE(AJ18:AM18) -> #N/A | AO18: 0.88
A19: =C19&D19 -> 7W8Overall YTD | B19: Mechanical Availability | C19: 7W8 | D19: Overall YTD | AJ19: =AJ18 -> 0.889 | AK19: 0.89299242 | AL19: 0.89257028 | AM19: =VLOOKUP(A19,Overall!B:DD,83,0) -> #N/A | AN19: =AVERAGE(AJ19:AM19) -> #N/A | AO19: 0.88
A20: =C20&D20 -> 7W8Leftover Downtime MTD (hr) | C20: 7W8 | D20: Leftover Downtime MTD (hr) | AJ20: 92 | AK20: 126.12 | AL20: 31.56 | AM20: =VLOOKUP(A20,Overall!B:DD,83,0) -> #N/A | AN20: =AVERAGE(AJ20:AM20) -> #N/A | AO20: 25
A21: =C21&D21 -> 6020Overall MTD | B21: Mechanical Availability | C21: 6020 | D21: Overall MTD | AJ21: 0.851 | AK21: 0.9419 | AL21: =1-(44/(24*31)) -> 0.94086022 | AM21: =VLOOKUP(A21,Overall!B:DD,83,0) -> #N/A | AN21: =AVERAGE(AJ21:AM21) -> #N/A | AO21: 0.88
A22: =C22&D22 -> 7W8Overall YTD | B22: Mechanical Availability | C22: 7W8 | D22: Overall YTD | AJ22: =AJ21 -> 0.851 | AK22: =AVERAGE(AJ21:AK21) -> 0.89645 | AL22: =AVERAGE(AJ21:AL21) -> 0.91125341 | AM22: =VLOOKUP(A22,Overall!B:DD,83,0) -> #N/A | AN22: =AVERAGE(AJ22:AM22) -> #N/A | AO22: 0.88
A23: =C23&D23 -> 7W8Leftover Downtime MTD (hr) | C23: 7W8 | D23: Leftover Downtime MTD (hr) | AJ23: =-(24*30*3%) -> -21.6 | AK23: 36.2 | AL23: 41.11 | AM23: =VLOOKUP(A23,Overall!B:DD,83,0) -> #N/A | AN23: =AVERAGE(AJ23:AM23) -> #N/A | AO23: 25
B27: Reliability (Monthly)
B28: Metrics | C28: Model | D28: Fleet | E28: 46047 | F28: 46048 | G28: 46049 | H28: 46050 | I28: 46051 | J28: 46052 | K28: 46053 | L28: 46054 | M28: 46055 | N28: 46056 | O28: 46057 | P28: 46058 | Q28: 46059 | R28: 46060 | S28: 46061 | T28: 46062 | U28: 46063 | V28: 46064 | W28: 46065 | X28: 46066 | Y28: 46067 | Z28: 46068 | AA28: 46069 | AB28: 46070 | AC28: 46071 | AD28: 46072 | AE28: 46073 | AF28: 46074 | AG28: 46075 | AH28: 46076 | AI28: 46077 | AJ28: 46047 | AK28: 46078 | AL28: 46106 | AM28: 46119 | AN28: Average | AO28: Target | AP28: Remarks
A29: 1 | B29: Reliability | C29: 320GC-DF | D29: MTBS | AJ29: 127.6061 | AK29: 89.174717 | AL29: 88.356889 | AM29: 81.004517 | AN29: =AVERAGE(AJ29:AM29) -> 96.535555 | AO29: 60 | AP29: MTTR too high
A30: 2 | C30: =C29 -> 320GC-DF | D30: MTTR | AJ30: 13.061905 | AK30: 12.175 | AL30: 12.574074 | AM30: 29.496667 | AN30: =AVERAGE(AJ30:AM30) -> 16.826911 | AO30: 8
A31: 3 | C31: 320GC | D31: MTBS | E31: #REF! | F31: #REF! | G31: #REF! | H31: #REF! | I31: #REF! | J31: #REF! | K31: #REF! | L31: #REF! | M31: #REF! | N31: #REF! | O31: #REF! | P31: #REF! | Q31: #REF! | R31: #REF! | S31: #REF! | T31: #REF! | U31: #REF! | V31: #REF! | W31: #REF! | X31: #REF! | Y31: #REF! | Z31: #REF! | AA31: #REF! | AB31: #REF! | AC31: #REF! | AD31: #REF! | AE31: #REF! | AF31: #REF! | AG31: #REF! | AH31: #REF! | AI31: #REF! | AJ31: 77.146633 | AK31: 100.24359 | AL31: 79.948136 | AM31: 138.7989 | AN31: =AVERAGE(AJ31:AM31) -> 99.034315 | AO31: 60 | AP31: MTTR too high
A32: 4 | C32: =C31 -> 320GC | D32: MTTR | E32: #REF! | F32: #REF! | G32: #REF! | H32: #REF! | I32: #REF! | J32: #REF! | K32: #REF! | L32: #REF! | M32: #REF! | N32: #REF! | O32: #REF! | P32: #REF! | Q32: #REF! | R32: #REF! | S32: #REF! | T32: #REF! | U32: #REF! | V32: #REF! | W32: #REF! | X32: #REF! | Y32: #REF! | Z32: #REF! | AA32: #REF! | AB32: #REF! | AC32: #REF! | AD32: #REF! | AE32: #REF! | AF32: #REF! | AG32: #REF! | AH32: #REF! | AI32: #REF! | AJ32: 18.147667 | AK32: 18.980556 | AL32: 15.183735 | AM32: 10.98125 | AN32: =AVERAGE(AJ32:AM32) -> 15.823302 | AO32: 8
A33: 5 | C33: 330NG | D33: MTBS | E33: 0.90579459 | F33: 0.97419591 | G33: 0.97288012 | H33: 0.97446394 | I33: 0.96557018 | J33: 0.96645468 | K33: 0.95903996 | L33: 0.94842836 | M33: 0.93686495 | N33: 0.93208252 | O33: 0.92347222 | P33: 0.92019537 | Q33: 0.92242629 | R33: 0.92434492 | S33: 0.9213868 | T33: 0.92238791 | U33: 0.92324105 | V33: 0.91649037 | W33: 0.91181571 | X33: 0.91263466 | Y33: 0.90649488 | Z33: 0.90783556 | AA33: 0.90724016 | AB33: 0.90375032 | AC33: 0.90403113 | AD33: 0.90494298 | AE33: 0.90568067 | AF33: 0.90531595 | AG33: 0.90313283 | AH33: 0.90227995 | AI33: 0.90202851 | AJ33: 59.444195 | AK33: 66.150029 | AL33: 66.684858 | AM33: 166.6689 | AN33: =AVERAGE(AJ33:AM33) -> 89.736995 | AO33: 60 | AP33: MTTR too high
A34: 6 | C34: =C33 -> 330NG | D34: MTTR | E34: 0.90186937 | F34: 0.90476243 | G34: 0.90733173 | H34: 0.90993543 | I34: 0.91096948 | J34: 0.91300476 | K34: 0.91330348 | L34: 0.91238269 | M34: 0.91061826 | N34: 0.91010932 | O34: 0.90822315 | P34: 0.90762897 | Q34: 0.90872167 | R34: 0.90976618 | S34: 0.90906 | T34: 0.90976111 | U34: 0.91041804 | V34: 0.90793173 | W34: 0.90613208 | X34: 0.90662612 | Y34: 0.90397187 | Z34: 0.90465359 | AA34: 0.90443801 | AB34: 0.90278983 | AC34: 0.90295025 | AD34: 0.90343754 | AE34: 0.90385124 | AF34: 0.90369403 | AG34: 0.90254969 | AH34: 0.90209402 | AI34: 0.90195778 | AJ34: 30.443137 | AK34: 20.129023 | AL34: 27.484 | AM34: 19.572727 | AN34: =AVERAGE(AJ34:AM34) -> 24.407222 | AO34: 8
A35: 7 | C35: 320GC-LA | D35: MTBS | AJ35: 68.278359 | AK35: 76.136841 | AL35: 72.764018 | AM35: 181.7046 | AN35: =AVERAGE(AJ35:AM35) -> 99.720954 | AO35: 60 | AP35: MTTR too high
A36: 8 | C36: =C35 -> 320GC-LA | D36: MTTR | AJ36: 10.980833 | AK36: 28.916667 | AL36: 9.3511111 | AM36: 40.455556 | AN36: =AVERAGE(AJ36:AM36) -> 22.426042 | AO36: 8
A37: 9 | C37: 777D/E | D37: MTBS | AJ37: 34.004379 | AK37: 36.814135 | AL37: 29.232353 | AM37: 77.2891 | AN37: =AVERAGE(AJ37:AM37) -> 44.334992 | AO37: 60 | AP37: MTBS too low
A38: 10 | C38: =C37 -> 777D/E | D38: MTTR | AJ38: 8.7902439 | AK38: 5.1497619 | AL38: 6.3036325 | AM38: 10.387255 | AN38: =AVERAGE(AJ38:AM38) -> 7.6577233 | AO38: 8
A39: 11 | C39: 777 | D39: MTBS | AJ39: 47.313615 | AK39: 73.559842 | AL39: 41.084932 | AM39: 76.435418 | AN39: =AVERAGE(AJ39:AM39) -> 59.598452 | AO39: 60 | AP39: Good
A40: 12 | C40: =C39 -> 777 | D40: MTTR | AJ40: 7.8046512 | AK40: 8.7666667 | AL40: 7.4801587 | AM40: 3.7166667 | AN40: =AVERAGE(AJ40:AM40) -> 6.9420358 | AO40: 8
A41: 13 | C41: 6020 | D41: MTBS | AJ41: 17.935719 | AK41: 32.417498 | AL41: 30.530349 | AM41: 21.125 | AN41: =AVERAGE(AJ41:AM41) -> 25.502141 | AO41: 60 | AP41: MTBS too low
C42: =C41 -> 6020 | D42: MTTR | AJ42: 6.4325 | AK42: 3.7928571 | AL42: 1.6083333 | AM42: 2.31875 | AN42: =AVERAGE(AJ42:AM42) -> 3.5381101 | AO42: 8
B44: MTTR: Lower better
B45: MTBS: Higher better
AP46: MTTR: Efficiency workmanship, no waiting part/labor
AP47: MTBS: Quality workmanship, quality product/material
AP48: High MTBS, High MTTR = Rarely down but once down happens, took long downtime
AP49: Low MTBS, low MTTR = Repetitive down, quick release behaviour
AP50: Low MTBS, High MTTR = Bandit machine
AP51: High MTBS, Low MTTR = Ideal condition
AP54: MTTR low (mandatory quick release without good quality control) will heading to low MTBS

Sheet Overall
F1: 3 | AJ1: 0 | AK1: 3 | BL1: 0 | BM1: 3 | CQ1: 0 | CR1: 3 | DU1: 0 | DV1: 3 | FU1: 1
C2: Mechanical Availability - Rental OHT (MTD) | F2: =WEEKNUM(F3) -> 1 | G2: =WEEKNUM(G3) -> 1 | H2: =WEEKNUM(H3) -> 1 | I2: =WEEKNUM(I3) -> 2 | J2: =WEEKNUM(J3) -> 2 | K2: =WEEKNUM(K3) -> 2 | L2: =WEEKNUM(L3) -> 2 | M2: =WEEKNUM(M3) -> 2 | ... OZ2: =WEEKNUM(OZ3) -> 8
A3: check | C3: Metrics | D3: MTD PA | E3: Fleet | F3: 46023 | G3: =F3+1 -> 46024 | H3: =G3+1 -> 46025 | I3: =H3+1 -> 46026 | J3: =I3+1 -> 46027 | K3: =J3+1 -> 46028 | L3: =K3+1 -> 46029 | M3: =L3+1 -> 46030 | N3: =M3+1 -> 46031 | ... OZ3: =OY3+1 -> 46433
A4: =ISODD(B4) -> TRUE | B4: 1 | C4: Mechanical Availability | D4: 777E Expro | E4: RT401 | F4: =IF('All Fleet'!C40="","",'All Fleet'!C40) -> 1 | G4: =IF('All Fleet'!D40="","",'All Fleet'!D40) -> 1 | H4: =IF('All Fleet'!E40="","",'All Fleet'!E40) -> 0.96666667 | I4: =IF('All Fleet'!F40="","",'All Fleet'!F40) -> 0.975 | J4: =IF('All Fleet'!G40="","",'All Fleet'!G40) -> 0.98 | K4: =IF('All Fleet'!H40="","",'All Fleet'!H40) -> 0.93319444 | L4: =IF('All Fleet'!I40="","",'All Fleet'!I40) -> 0.9339881 | M4: =IF('All Fleet'!J40="","",'All Fleet'!J40) -> 0.80421875 | ... OZ4: =IF('All Fleet'!OW40="","",'All Fleet'!OW40)
A5: =ISODD(B5) -> FALSE | B5: 2 | C5: =C4 -> Mechanical Availability | D5: =D4 -> 777E Expro | E5: RT403 | F5: =IF('All Fleet'!C41="","",'All Fleet'!C41) -> 1 | G5: =IF('All Fleet'!D41="","",'All Fleet'!D41) -> 1 | H5: =IF('All Fleet'!E41="","",'All Fleet'!E41) -> 1 | I5: =IF('All Fleet'!F41="","",'All Fleet'!F41) -> 1 | J5: =IF('All Fleet'!G41="","",'All Fleet'!G41) -> 1 | K5: =IF('All Fleet'!H41="","",'All Fleet'!H41) -> 1 | L5: =IF('All Fleet'!I41="","",'All Fleet'!I41) -> 1 | M5: =IF('All Fleet'!J41="","",'All Fleet'!J41) -> 1 | ... OZ5: =IF('All Fleet'!OW41="","",'All Fleet'!OW41)
A6: =ISODD(B6) -> TRUE | B6: 3 | C6: =C5 -> Mechanical Availability | D6: =D5 -> 777E Expro | E6: RT404 | F6: =IF('All Fleet'!C42="","",'All Fleet'!C42) -> 1 | G6: =IF('All Fleet'!D42="","",'All Fleet'!D42) -> 1 | H6: =IF('All Fleet'!E42="","",'All Fleet'!E42) -> 1 | I6: =IF('All Fleet'!F42="","",'All Fleet'!F42) -> 1 | J6: =IF('All Fleet'!G42="","",'All Fleet'!G42) -> 1 | K6: =IF('All Fleet'!H42="","",'All Fleet'!H42) -> 1 | L6: =IF('All Fleet'!I42="","",'All Fleet'!I42) -> 1 | M6: =IF('All Fleet'!J42="","",'All Fleet'!J42) -> 1 | ... OZ6: =IF('All Fleet'!OW42="","",'All Fleet'!OW42)
A7: =ISODD(B7) -> FALSE | B7: 4 | C7: =C6 -> Mechanical Availability | D7: =D6 -> 777E Expro | E7: RT405 | F7: =IF('All Fleet'!C43="","",'All Fleet'!C43) -> 1 | G7: =IF('All Fleet'!D43="","",'All Fleet'!D43) -> 1 | H7: =IF('All Fleet'!E43="","",'All Fleet'!E43) -> 1 | I7: =IF('All Fleet'!F43="","",'All Fleet'!F43) -> 1 | J7: =IF('All Fleet'!G43="","",'All Fleet'!G43) -> 1 | K7: =IF('All Fleet'!H43="","",'All Fleet'!H43) -> 1 | L7: =IF('All Fleet'!I43="","",'All Fleet'!I43) -> 1 | M7: =IF('All Fleet'!J43="","",'All Fleet'!J43) -> 1 | ... OZ7: =IF('All Fleet'!OW43="","",'All Fleet'!OW43)
A8: =ISODD(B8) -> TRUE | B8: 5 | C8: =C7 -> Mechanical Availability | D8: =D7 -> 777E Expro | E8: RT410 | F8: =IF('All Fleet'!C44="","",'All Fleet'!C44) -> 1 | G8: =IF('All Fleet'!D44="","",'All Fleet'!D44) -> 1 | H8: =IF('All Fleet'!E44="","",'All Fleet'!E44) -> 1 | I8: =IF('All Fleet'!F44="","",'All Fleet'!F44) -> 1 | J8: =IF('All Fleet'!G44="","",'All Fleet'!G44) -> 1 | K8: =IF('All Fleet'!H44="","",'All Fleet'!H44) -> 1 | L8: =IF('All Fleet'!I44="","",'All Fleet'!I44) -> 1 | M8: =IF('All Fleet'!J44="","",'All Fleet'!J44) -> 1 | ... OZ8: =IF('All Fleet'!OW44="","",'All Fleet'!OW44)
A9: =ISODD(B9) -> FALSE | B9: 6 | C9: =C8 -> Mechanical Availability | D9: =D8 -> 777E Expro | E9: Overall Weekly | F9: =IF(F8="","",AVERAGE($F$4:$H$8)) -> 0.99777778 | G9: =IF(G8="","",AVERAGE($F$4:$H$8)) -> 0.99777778 | H9: =IF(H8="","",AVERAGE($F$4:$H$8)) -> 0.99777778 | I9: =IF(I8="","",AVERAGE($I4:I8)) -> 0.995 | J9: =IF(J8="","",AVERAGE($I4:J8)) -> 0.9955 | K9: =IF(K8="","",AVERAGE($I4:K8)) -> 0.9925463 | L9: =IF(L8="","",AVERAGE($I4:L8)) -> 0.99110913 | M9: =IF(M8="","",AVERAGE($I4:M8)) -> 0.98505605 | N9: =IF(N8="","",AVERAGE($I4:N8)) -> 0.98155288 | O9: =IF(O8="","",AVERAGE($I4:O8)) -> 0.97858461 | P9: =IF(P8="","",AVERAGE($P4:P8)) -> 0.93678788 | Q9: =IF(Q8="","",AVERAGE($P4:Q8)) -> 0.93643561 | R9: =IF(R8="","",AVERAGE($P4:R8)) -> 0.9288075 | S9: =IF(S8="","",AVERAGE($P4:S8)) -> 0.92653717 | T9: =IF(T8="","",AVERAGE($P4:T8)) -> 0.92552863 | U9: =IF(U8="","",AVERAGE($P4:U8)) -> 0.92306031 | V9: =IF(V8="","",AVERAGE($P4:V8)) -> 0.92197607 | W9: =IF(W8="","",AVERAGE($W4:W8)) -> 0.91765278 | X9: =IF(X8="","",AVERAGE($W4:X8)) -> 0.9191027 | Y9: =IF(Y8="","",AVERAGE($W4:Y8)) -> 0.91899764 | Z9: =IF(Z8="","",AVERAGE($W4:Z8)) -> 0.91989009 | AA9: =IF(AA8="","",AVERAGE($W4:AA8)) -> 0.91916283 | AB9: =IF(AB8="","",AVERAGE($W4:AB8)) -> 0.91593038 | AC9: =IF(AC8="","",AVERAGE($W4:AC8)) -> 0.91375183 | AD9: =IF(AD8="","",AVERAGE($AD4:AD8)) -> 0.90347 | AE9: =IF(AE8="","",AVERAGE($AD4:AE8)) -> 0.90532635 | AF9: =IF(AF8="","",AVERAGE($AD4:AF8)) -> 0.90697168 | AG9: =IF(AG8="","",AVERAGE($AD4:AG8)) -> 0.90543337 | AH9: =IF(AH8="","",AVERAGE($AD4:AH8)) -> 0.9051944 | AI9: =IF(AI8="","",AVERAGE($AD4:AI8)) -> 0.904862 | AJ9: =IF(AJ8="","",AVERAGE($AD4:AJ8)) -> 0.90484101 | AK9: =IF(AK8="","",AVERAGE($AK4:AK8)) -> 0.98358333 | AL9: =IF(AL8="","",AVERAGE($AK4:AL8)) -> 0.94020833 | AM9: =IF(AM8="","",AVERAGE($AK4:AM8)) -> 0.93163889 | AN9: =IF(AN8="","",AVERAGE($AK4:AN8)) -> 0.92859896 | AO9: =IF(AO8="","",AVERAGE($AK4:AO8)) -> 0.9278125 | AP9: =IF(AP8="","",AVERAGE($AK4:AP8)) -> 0.92429745 | AQ9: =IF(AQ8="","",AVERAGE($AK4:AQ8)) -> 0.9228468 | AR9: =IF(AR8="","",AVERAGE($AR4:AR8)) -> 0.91008333 | AS9: =IF(AS8="","",AVERAGE($AR4:AS8)) -> 0.90688889 | AT9: =IF(AT8="","",AVERAGE($AR4:AT8)) -> 0.90392037 | AU9: =IF(AU8="","",AVERAGE($AR4:AU8)) -> 0.90160884 | AV9: =IF(AV8="","",AVERAGE($AR4:AV8)) -> 0.89931763 | AW9: =IF(AW8="","",AVERAGE($AR4:AW8)) -> 0.89889824 | AX9: =IF(AX8="","",AVERAGE($AR4:AX8)) -> 0.89791532 | AY9: =IF(AY8="","",AVERAGE($AY4:AY8)) -> 0.88337222 | AZ9: =IF(AZ8="","",AVERAGE($AY4:AZ8)) -> 0.88346215 | BA9: =IF(BA8="","",AVERAGE($AY4:BA8)) -> 0.88525418 | BB9: =IF(BB8="","",AVERAGE($AY4:BB8)) -> 0.88368369 | BC9: =IF(BC8="","",AVERAGE($AY4:BC8)) -> 0.88191976 | BD9: =IF(BD8="","",AVERAGE($AY4:BD8)) -> 0.87993522 | BE9: =IF(BE8="","",AVERAGE($AY4:BE8)) -> 0.87924436 | BF9: =IF(BF8="","",AVERAGE($BF4:BF8)) -> 0.87635985 | BG9: =IF(BG8="","",AVERAGE($BF4:BG8)) -> 0.87845529 | BH9: =IF(BH8="","",AVERAGE($BF4:BH8)) -> 0.88026764 | BI9: =IF(BI8="","",AVERAGE($BF4:BI8)) -> 0.88200823 | BJ9: =IF(BJ8="","",AVERAGE($BF4:BJ8)) -> 0.88361043 | BK9: =IF(BK8="","",AVERAGE($BF4:BK8)) -> 0.88516199 | BL9: =IF(BL8="","",AVERAGE($BF4:BL8)) -> 0.88644539 | BM9: =IF(BM8="","",AVERAGE($BM4:BM8)) -> 0.74058333 | BN9: =IF(BN8="","",AVERAGE($BM4:BN8)) -> 0.74583333 | BO9: =IF(BO8="","",AVERAGE($BM4:BO8)) -> 0.73537963 | BP9: =IF(BP8="","",AVERAGE($BM4:BP8)) -> 0.74799826 | BQ9: =IF(BQ8="","",AVERAGE($BM4:BQ8)) -> 0.75590194 | BR9: =IF(BR8="","",AVERAGE($BM4:BR8)) -> 0.76139977 | BS9: =IF(BS8="","",AVERAGE($BM4:BS8)) -> 0.7689481 | BT9: =IF(BT8="","",AVERAGE($BT4:BT8)) -> 0.83121875 | BU9: =IF(BU8="","",AVERAGE($BT4:BU8)) -> 0.83187789 | BV9: =IF(BV8="","",AVERAGE($BT4:BV8)) -> 0.83132415 | BW9: =IF(BW8="","",AVERAGE($BT4:BW8)) -> 0.83373743 | BX9: =IF(BX8="","",AVERAGE($BT4:BX8)) -> 0.837033 | BY9: =IF(BY8="","",AVERAGE($BT4:BY8)) -> 0.83922622 | BZ9: =IF(BZ8="","",AVERAGE($BT4:BZ8)) -> 0.84128404 | CA9: =IF(CA8="","",AVERAGE($CA4:CA8)) -> 0.86198889 | CB9: =IF(CB8="","",AVERAGE($CA4:CB8)) -> 0.86494757 | CC9: =IF(CC8="","",AVERAGE($CA4:CC8)) -> 0.86794707 | CD9: =IF(CD8="","",AVERAGE($CA4:CD8)) -> 0.86970683 | CE9: =IF(CE8="","",AVERAGE($CA4:CE8)) -> 0.8665988 | CF9: =IF(CF8="","",AVERAGE($CA4:CF8)) -> 0.8622983 | CG9: =IF(CG8="","",AVERAGE($CA4:CG8)) -> 0.85986793 | CH9: =IF(CH8="","",AVERAGE($CH4:CH8)) -> 0.85231818 | CI9: =IF(CI8="","",AVERAGE($CH4:CI8)) -> 0.85232938 | CJ9: =IF(CJ8="","",AVERAGE($CH4:CJ8)) -> 0.8543469 | CK9: =IF(CK8="","",AVERAGE($CH4:CK8)) -> 0.85636351 | CL9: =IF(CL8="","",AVERAGE($CH4:CL8)) -> 0.85788504 | CM9: =IF(CM8="","",AVERAGE($CH4:CM8)) -> 0.8592113 | CN9: =IF(CN8="","",AVERAGE($CH4:CN8)) -> 0.8608431 | CO9: =IF(CO8="","",AVERAGE($CO4:CO8)) -> 0.87449713 | CP9: =IF(CP8="","",AVERAGE($CO4:CP8)) -> 0.87264301 | CQ9: =IF(CQ8="","",AVERAGE($CO4:CQ8)) -> 0.87245107 | CR9: =IF(CR8="","",AVERAGE($CO4:CR8)) -> 0.83150497 | CS9: =IF(CS8="","",AVERAGE($CO4:CS8)) -> 0.82702064 | CT9: =IF(CT8="","",AVERAGE($CO4:CT8)) -> 0.82643387 | CU9: =IF(CU8="","",AVERAGE($CO4:CU8)) -> 0.82250284 | CV9: =IF(CV8="","",AVERAGE($CV4:CV8)) -> 0.78716667 | CW9: =IF(CW8="","",AVERAGE($CV4:CW8)) -> 0.79240278 | CX9: =IF(CX8="","",AVERAGE($CV4:CX8)) -> 0.79962963 | CY9: =IF(CY8="","",AVERAGE($CV4:CY8)) -> 0.80868056 | CZ9: =IF(CZ8="","",AVERAGE($CV4:CZ8)) -> 0.81775926 | DA9: =IF(DA8="","",AVERAGE($CV4:DA8)) -> 0.82624383 | DB9: =IF(DB8="","",AVERAGE($CV4:DB8)) -> 0.83217761 | DC9: =IF(DC8="","",AVERAGE($DC4:DC8)) -> 0.87879861 | DD9: =IF(DD8="","",AVERAGE($DC4:DD8)) -> 0.87788649 | DE9: =IF(DE8="","",AVERAGE($DC4:DE8)) -> 0.87964258 | DF9: =IF(DF8="","",AVERAGE($DC4:DF8)) -> 0.88246804 | DG9: =IF(DG8="","",AVERAGE($DC4:DG8)) -> 0.88408798 | DH9: =IF(DH8="","",AVERAGE($DC4:DH8)) -> 0.88528492 | DI9: =IF(DI8="","",AVERAGE($DC4:DI8)) -> 0.88687054 | DJ9: =IF(DJ8="","",AVERAGE($DJ4:DJ8)) -> 0.89514912 | DK9: =IF(DK8="","",AVERAGE($DJ4:DK8)) -> 0.88844956 | DL9: =IF(DL8="","",AVERAGE($DJ4:DL8)) -> 0.88784997 | DM9: =IF(DM8="","",AVERAGE($DJ4:DM8)) -> 0.88824543 | DN9: =IF(DN8="","",AVERAGE($DJ4:DN8)) -> 0.88917678 | DO9: =IF(DO8="","",AVERAGE($DJ4:DO8)) -> 0.89033192 | DP9: =IF(DP8="","",AVERAGE($DJ4:DP8)) -> 0.8917507 | DQ9: =IF(DQ8="","",AVERAGE($DQ4:DQ8)) -> 0.90409936 | DR9: =IF(DR8="","",AVERAGE($DQ4:DR8)) -> 0.90452499 | DS9: =IF(DS8="","",AVERAGE($DQ4:DS8)) -> 0.90499483 | DT9: =IF(DT8="","",AVERAGE($DQ4:DT8)) -> 0.90595949 | DU9: =IF(DU8="","",AVERAGE($DQ4:DU8)) -> 0.90514481 | DV9: =IF(DV8="","",AVERAGE($DQ4:DV8)) -> 0.89820401 | DW9: =IF(DW8="","",AVERAGE($DQ4:DW8)) -> 0.90004391 | DX9: =IF(DX8="","",AVERAGE($DX4:DX8)) -> 0.84086111 | DY9: =IF(DY8="","",AVERAGE($DX4:DY8)) -> 0.85465972 | DZ9: =IF(DZ8="","",AVERAGE($DX4:DZ8)) -> 0.86732315 | EA9: =IF(EA8="","",AVERAGE($DX4:EA8)) -> 0.87324931 | EB9: =IF(EB8="","",AVERAGE($DX4:EB8)) -> 0.87882563 | EC9: =IF(EC8="","",AVERAGE($DX4:EC8)) -> 0.88116025 | ED9: =IF(ED8="","",AVERAGE($DX4:ED8)) -> 0.88452889 | EE9: =IF(EE8="","",AVERAGE($EE4:EE8)) -> 0.90760833 | EF9: =IF(EF8="","",AVERAGE($EE4:EF8)) -> 0.89565644 | EG9: =IF(EG8="","",AVERAGE($EE4:EG8)) -> 0.89163902 | EH9: =IF(EH8="","",AVERAGE($EE4:EH8)) -> 0.88429977 | EI9: =IF(EI8="","",AVERAGE($EE4:EI8)) -> 0.88186363 | EJ9: =IF(EJ8="","",AVERAGE($EE4:EJ8)) -> 0.87796414 | EK9: =IF(EK8="","",AVERAGE($EE4:EK8)) -> 0.87641494 | EL9: =IF(EL8="","",AVERAGE($EL4:EL8)) -> 0.86077941 | EM9: =IF(EM8="","",AVERAGE($EL4:EM8)) -> 0.86153091 | EN9: =IF(EN8="","",AVERAGE($EL4:EN8)) -> 0.86304254 | EO9: =IF(EO8="","",AVERAGE($EL4:EO8)) -> 0.86285274 | EP9: =IF(EP8="","",AVERAGE($EL4:EP8)) -> 0.86321155 | EQ9: =IF(EQ8="","",AVERAGE($EL4:EQ8)) -> 0.86434359 | ER9: =IF(ER8="","",AVERAGE($EL4:ER8)) -> 0.86451397 | ES9: =IF(ES8="","",AVERAGE($ES4:ES8)) -> 0.85903125 | ET9: =IF(ET8="","",AVERAGE($ES4:ET8)) -> 0.86128729 | EU9: =IF(EU8="","",AVERAGE($ES4:EU8)) -> 0.86278448 | EV9: =IF(EV8="","",AVERAGE($ES4:EV8)) -> 0.86417786 | EW9: =IF(EW8="","",AVERAGE($ES4:EW8)) -> 0.86556551 | EX9: =IF(EX8="","",AVERAGE($ES4:EX8)) -> 0.86723131 | EY9: =IF(EY8="","",AVERAGE($ES4:EY8)) -> 0.86901374 | EZ9: =IF(EZ8="","",AVERAGE($EZ4:EZ8)) -> 0.88358871 | FA9: =IF(FA8="","",AVERAGE($EZ4:FA8)) -> 0.94179435 | FB9: =IF(FB8="","",AVERAGE($EZ4:FB8)) -> 0.96119624 | FC9: =IF(FC8="","",AVERAGE($EZ4:FC8)) -> 0.97089718 | FD9: =IF(FD8="","",AVERAGE($EZ4:FD8)) -> 0.97671774 | FE9: =IF(FE8="","",AVERAGE($EZ4:FE8)) -> 0.98059812 | FF9: =IF(FF8="","",AVERAGE($EZ4:FF8)) -> 0.98336982 | FG9: =IF(FG8="","",AVERAGE($FG4:FG8)) -> 0.99458333 | FH9: =IF(FH8="","",AVERAGE($FG4:FH8)) -> 0.98079167 | FI9: =IF(FI8="","",AVERAGE($FG4:FI8)) -> 0.97387037 | FJ9: =IF(FJ8="","",AVERAGE($FG4:FJ8)) -> 0.96627778 | FK9: =IF(FK8="","",AVERAGE($FG4:FK8)) -> 0.96099949 | FL9: =IF(FL8="","",AVERAGE($FG4:FL8)) -> 0.95568592 | FM9: =IF(FM8="","",AVERAGE($FG4:FM8)) -> 0.95203024 | FN9: =IF(FN8="","",AVERAGE($FN4:FN8)) -> 0.9215 | FO9: =IF(FO8="","",AVERAGE(FN4:FO8)) -> 0.92322778 | FP9: =IF(FP8="","",AVERAGE(FN4:FP8)) -> 0.92447824 | FQ9: =IF(FQ8="","",AVERAGE(FN4:FQ8)) -> 0.92617731 | FR9: =IF(FR8="","",AVERAGE(FN4:FR8)) -> 0.92502888 | FS9: =IF(FS8="","",AVERAGE(FN4:FS8)) -> 0.92025068 | FT9: =IF(FT8="","",AVERAGE(FN4:FT8)) -> 0.91702856 | FU9: =IF(FU8="","",AVERAGE($FN4:FU8)) -> 0.90758104 | FV9: =IF(FV8="","",AVERAGE(FU4:FV8)) -> 0.84231133 | FW9: =IF(FW8="","",AVERAGE(FU4:FW8)) -> 0.8416375 | FX9: =IF(FX8="","",AVERAGE(FU4:FX8)) -> 0.84107014 | FY9: =IF(FY8="","",AVERAGE(FU4:FY8)) -> 0.84060745 | FZ9: =IF(FZ8="","",AVERAGE(FU4:FZ8)) -> 0.840253 | GA9: =IF(GA8="","",AVERAGE(FU4:GA8)) -> 0.84003829 | GB9: =IF(GB8="","",AVERAGE($FN4:GB8)) -> 0.87076195 | GC9: =IF(GC8="","",AVERAGE(GB4:GC8)) -> 0.76441025 | GD9: =IF(GD8="","",AVERAGE(GB4:GD8)) -> 0.76769665 | GE9: =IF(GE8="","",AVERAGE(GB4:GE8)) -> 0.69212665 | GF9: =IF(GF8="","",AVERAGE(GB4:GF8)) -> 0.68785132 | GG9: =IF(GG8="","",AVERAGE(GB4:GG8)) -> 0.69206592 | GH9: =IF(GH8="","",AVERAGE(GB4:GH8)) -> 0.69472614 | GI9: =IF(GI8="","",AVERAGE($FN4:GI8)) -> 0.81431898 | GJ9: =IF(GJ8="","",AVERAGE(GI4:GJ8)) -> 0.70976111 | GK9: =IF(GK8="","",AVERAGE(GI4:GK8)) -> 0.70205503 | GL9: =IF(GL8="","",AVERAGE(GI4:GL8)) -> 0.70632252 | GM9: =IF(GM8="","",AVERAGE(GI4:GM8)) -> 0.71394135 | GN9: =IF(GN8="","",AVERAGE(GI4:GN8)) -> 0.72328029 | GO9: =IF(GO8="","",AVERAGE(GI4:GO8)) -> 0.71228029 | GP9: =IF(GP8="","",AVERAGE($FN4:GP8)) -> 0.78673464 | GQ9: =IF(GQ8="","",AVERAGE(GP4:GQ8)) -> 0.67960737 | GR9: =IF(GR8="","",AVERAGE(GP4:GR8)) -> 0.69120253 | GS9: =IF(GS8="","",AVERAGE(GP4:GS8)) -> 0.70176023 | GT9: =IF(GT8="","",AVERAGE(GP4:GT8)) -> 0.71142694 | GU9: =IF(GU8="","",AVERAGE(GP4:GU8)) -> 0.71640643 | GV9: =IF(GV8="","",AVERAGE(GP4:GV8)) -> 0.72201636 | GW9: =IF(GW8="","",AVERAGE($FN4:GW8)) -> 0.77683566 | GX9: =IF(GX8="","",AVERAGE(GW4:GX8)) -> 0.75940724 | GY9: =IF(GY8="","",AVERAGE(GW4:GY8)) -> 0.7619408 | GZ9: =IF(GZ8="","",AVERAGE(GW4:GZ8)) -> 0.76172833 | HA9: =IF(HA8="","",AVERAGE(GW4:HA8)) -> 0.76367832 | HB9: =IF(HB8="","",AVERAGE(GW4:HB8)) -> 0.76656526 | HC9: =IF(HC8="","",AVERAGE(GW4:HC8)) -> 0.7698788 | HD9: =IF(HD8="","",AVERAGE($FN4:HD8)) -> 0.77650291 | HE9: =IF(HE8="","",AVERAGE(HD4:HE8)) -> 0.80117771 | HF9: =IF(HF8="","",AVERAGE(HD4:HF8)) -> 0.80263633 | HG9: =IF(HG8="","",AVERAGE(HD4:HG8)) -> 0.80377179 | HH9: =IF(HH8="","",AVERAGE(HD4:HH8)) -> 0.80573854 | HI9: =IF(HI8="","",AVERAGE(HD4:HI8)) -> 0.80736635 | HJ9: =IF(HJ8="","",AVERAGE(HD4:HJ8)) -> 0.8144615 | HK9: =IF(HK8="","",AVERAGE($FN4:HK8)) -> 0.78397227 | HL9: =IF(HL8="","",AVERAGE(HK4:HL8)) -> 0.88313696 | HM9: =IF(HM8="","",AVERAGE(HK4:HM8)) -> 0.88159787 | HN9: =IF(HN8="","",AVERAGE(HK4:HN8)) -> 0.87833104 | HO9: =IF(HO8="","",AVERAGE(HK4:HO8)) -> 0.87496105 | HP9: =IF(HP8="","",AVERAGE(HK4:HP8)) -> 0.87062131 | HQ9: =IF(HQ8="","",AVERAGE(HK4:HQ8)) -> 0.86796761 | HR9: =IF(HR8="","",AVERAGE($FN4:HR8)) -> 0.79363035 | HS9: =IF(HS8="","",AVERAGE(HR4:HS8)) -> 0.85994742 | HT9: =IF(HT8="","",AVERAGE(HR4:HT8)) -> 0.86124419 | HU9: =IF(HU8="","",AVERAGE(HR4:HU8)) -> 0.86079503 | HV9: =IF(HV8="","",AVERAGE(HR4:HV8)) -> 0.86059151 | HW9: =IF(HW8="","",AVERAGE(HR4:HW8)) -> 0.86132408 | HX9: =IF(HX8="","",AVERAGE(HR4:HX8)) -> 0.86219571 | HY9: =IF(HY8="","",AVERAGE($FN4:HY8)) -> 0.80122851 | HZ9: =IF(HZ8="","",AVERAGE(HY4:HZ8)) -> 0.8752875 | IA9: =IF(IA8="","",AVERAGE(HY4:IA8)) -> 0.87477243 | IB9: =IF(IB8="","",AVERAGE(HY4:IB8)) -> 0.87454661 | IC9: =IF(IC8="","",AVERAGE(HY4:IC8)) -> 0.87098854 | ID9: =IF(ID8="","",AVERAGE(HY4:ID8)) -> 0.86916207 | IE9: =IF(IE8="","",AVERAGE(HY4:IE8)) -> 0.86842742 | IF9: =IF(IF8="","",AVERAGE($FN4:IF8)) -> 0.80767427 | IG9: =IF(IG8="","",AVERAGE(IF4:IG8)) -> 0.86372053 | IH9: =IF(IH8="","",AVERAGE(IF4:IH8)) -> 0.86478384 | II9: =IF(II8="","",AVERAGE(IF4:II8)) -> 0.86580434 | IJ9: =IF(IJ8="","",AVERAGE(IF4:IJ8)) -> 0.86696639 | IK9: =IF(IK8="","",AVERAGE(IF4:IK8)) -> 0.86402613 | IL9: =IF(IL8="","",AVERAGE(IF4:IL8)) -> 0.86266819 | IM9: =IF(IM8="","",AVERAGE($FN4:IM8)) -> 0.8123255 | IN9: =IF(IN8="","",AVERAGE(IM4:IN8)) -> 0.84023969 | IO9: =IF(IO8="","",AVERAGE(IM4:IO8)) -> 0.86816597 | IP9: =IF(IP8="","",AVERAGE(IM4:IP8)) -> 0.8800423 | IQ9: =IF(IQ8="","",AVERAGE(IM4:IQ8)) -> 0.87601362 | IR9: =IF(IR8="","",AVERAGE(IM4:IR8)) -> 0.87346631 | IS9: =IF(IS8="","",AVERAGE(IM4:IS8)) -> 0.87307933 | IT9: =IF(IT8="","",AVERAGE($FN4:IT8)) -> 0.8177728 | IU9: =IF(IU8="","",AVERAGE(IT4:IU8)) -> 0.87863726 | IV9: =IF(IV8="","",AVERAGE(IT4:IV8)) -> 0.88211707 | IW9: =IF(IW8="","",AVERAGE(IT4:IW8)) -> 0.88233343 | IX9: =IF(IX8="","",AVERAGE(IT4:IX8)) -> 0.87779952 | IY9: =IF(IY8="","",AVERAGE(IT4:IY8)) -> 0.87268314 | IZ9: =IF(IZ8="","",AVERAGE(IT4:IZ8)) -> 0.86745685 | JA9: =IF(JA8="","",AVERAGE($FN4:JA8)) -> 0.82086317 | JB9: =IF(JB8="","",AVERAGE(JA4:JB8)) -> 0.80773117 | JC9: =IF(JC8="","",AVERAGE(JA4:JC8)) -> 0.80682438 | JD9: =IF(JD8="","",AVERAGE(JA4:JD8)) -> 0.80693686 | JE9: =IF(JE8="","",AVERAGE(JA4:JE8)) -> 0.80915314 | JF9: =IF(JF8="","",AVERAGE(JA4:JF8)) -> 0.81224053 | JG9: =IF(JG8="","",AVERAGE(JA4:JG8)) -> 0.81512926 | JH9: =IF(JH8="","",AVERAGE($FN4:JH8)) -> 0.82072005 | JI9: =IF(JI8="","",AVERAGE(JH4:JI8)) -> 0.84361948 | JJ9: =IF(JJ8="","",AVERAGE(JH4:JJ8)) -> 0.84720248 | JK9: =IF(JK8="","",AVERAGE(JH4:JK8)) -> 0.84967858 | JL9: =IF(JL8="","",AVERAGE(JH4:JL8)) -> 0.85048471 | JM9: =IF(JM8="","",AVERAGE(JH4:JM8)) -> 0.85037335 | JN9: =IF(JN8="","",AVERAGE(JH4:JN8)) -> 0.85069129 | JO9: =IF(JO8="","",AVERAGE($FN4:JO8)) -> 0.82285305 | JP9: =IF(JP8="","",AVERAGE(JO4:JP8)) -> 0.85756999 | JQ9: =IF(JQ8="","",AVERAGE(JO4:JQ8)) -> 0.85788611 | JR9: =IF(JR8="","",AVERAGE(JO4:JR8)) -> 0.85887597 | JS9: =IF(JS8="","",AVERAGE(JO4:JS8)) -> 0.86301327 | JT9: =IF(JT8="","",AVERAGE(JO4:JT8)) -> 0.86665516 | JU9: =IF(JU8="","",AVERAGE(JO4:JU8)) -> 0.84944516 | JV9: =IF(JV8="","",AVERAGE($FN4:JV8)) -> 0.82393511 | JW9: =IF(JW8="","",AVERAGE(JV4:JW8)) -> 0.81110885 | JX9: =IF(JX8="","",AVERAGE(JV4:JX8)) -> 0.82478155 | JY9: =IF(JY8="","",AVERAGE(JV4:JY8)) -> 0.83621455 | JZ9: =IF(JZ8="","",AVERAGE(JV4:JZ8)) -> 0.84631151 | KA9: =IF(KA8="","",AVERAGE(JV4:KA8)) -> 0.8545237 | KB9: =IF(KB8="","",AVERAGE(JV4:KB8)) -> 0.85902405 | KC9: =IF(KC8="","",AVERAGE($FN4:KC8)) -> 0.82669841 | KD9: =IF(KD8="","",AVERAGE(KC4:KD8)) -> 0.88328036 | KE9: =IF(KE8="","",AVERAGE(KC4:KE8)) -> 0.88783464 | KF9: =IF(KF8="","",AVERAGE(KC4:KF8)) -> 0.88838065 | KG9: =IF(KG8="","",AVERAGE(KC4:KG8)) -> 0.88950801 | KH9: =IF(KH8="","",AVERAGE(KC4:KH8)) -> 0.89136357 | KI9: =IF(KI8="","",AVERAGE(KC4:KI8)) -> 0.89352391 | KJ9: =IF(KJ8="","",AVERAGE($FN4:KJ8)) -> 0.83064529 | KK9: =IF(KK8="","",AVERAGE(KJ4:KK8)) -> 0.90611064 | KL9: =IF(KL8="","",AVERAGE(KJ4:KL8)) -> 0.90591145 | KM9: =IF(KM8="","",AVERAGE(KJ4:KM8)) -> 0.90634147 | KN9: =IF(KN8="","",AVERAGE(KJ4:KN8)) -> 0.90743919 | KO9: =IF(KO8="","",AVERAGE(KJ4:KO8)) -> 0.90880991 | KP9: =IF(KP8="","",AVERAGE(KJ4:KP8)) -> 0.91029101 | KQ9: =IF(KQ8="","",AVERAGE($FN4:KQ8)) -> 0.83488596 | KR9: =IF(KR8="","",AVERAGE(KQ4:KR8)) -> 0.92390257 | KS9: =IF(KS8="","",AVERAGE(KQ4:KS8)) -> 0.92532099 | KT9: =IF(KT8="","",AVERAGE(KQ4:KT8)) -> 0.92667165 | KU9: =IF(KU8="","",AVERAGE(KQ4:KU8)) -> 0.92795981 | KV9: =IF(KV8="","",AVERAGE(KQ4:KV8)) -> 0.92919019 | KW9: =IF(KW8="","",AVERAGE(KQ4:KW8)) -> 0.93036699 | KX9: =IF(KX8="","",AVERAGE($FN4:KX8)) | KY9: =IF(KY8="","",AVERAGE(KX4:KY8)) | KZ9: =IF(KZ8="","",AVERAGE(KX4:KZ8)) | LA9: =IF(LA8="","",AVERAGE(KX4:LA8)) | LB9: =IF(LB8="","",AVERAGE(KX4:LB8)) | LC9: =IF(LC8="","",AVERAGE(KX4:LC8)) | LD9: =IF(LD8="","",AVERAGE(KX4:LD8)) | LE9: =IF(LE8="","",AVERAGE($FN4:LE8)) | LF9: =IF(LF8="","",AVERAGE(LE4:LF8)) | LG9: =IF(LG8="","",AVERAGE(LE4:LG8)) | LH9: =IF(LH8="","",AVERAGE(LE4:LH8)) | LI9: =IF(LI8="","",AVERAGE(LE4:LI8)) | LJ9: =IF(LJ8="","",AVERAGE(LE4:LJ8)) | LK9: =IF(LK8="","",AVERAGE(LE4:LK8)) | LL9: =IF(LL8="","",AVERAGE($FN4:LL8)) | LM9: =IF(LM8="","",AVERAGE(LL4:LM8)) | LN9: =IF(LN8="","",AVERAGE(LL4:LN8)) | LO9: =IF(LO8="","",AVERAGE(LL4:LO8)) | LP9: =IF(LP8="","",AVERAGE(LL4:LP8)) | LQ9: =IF(LQ8="","",AVERAGE(LL4:LQ8)) | LR9: =IF(LR8="","",AVERAGE(LL4:LR8)) | LS9: =IF(LS8="","",AVERAGE($FN4:LS8)) | LT9: =IF(LT8="","",AVERAGE(LS4:LT8)) | LU9: =IF(LU8="","",AVERAGE(LS4:LU8)) | LV9: =IF(LV8="","",AVERAGE(LS4:LV8)) | LW9: =IF(LW8="","",AVERAGE(LS4:LW8)) | LX9: =IF(LX8="","",AVERAGE(LS4:LX8)) | LY9: =IF(LY8="","",AVERAGE(LS4:LY8)) | LZ9: =IF(LZ8="","",AVERAGE($FN4:LZ8)) | MA9: =IF(MA8="","",AVERAGE(LZ4:MA8)) | MB9: =IF(MB8="","",AVERAGE(LZ4:MB8)) | MC9: =IF(MC8="","",AVERAGE(LZ4:MC8)) | MD9: =IF(MD8="","",AVERAGE(LZ4:MD8)) | ME9: =IF(ME8="","",AVERAGE(LZ4:ME8)) | MF9: =IF(MF8="","",AVERAGE(LZ4:MF8)) | MG9: =IF(MG8="","",AVERAGE($FN4:MG8)) | MH9: =IF(MH8="","",AVERAGE(MG4:MH8)) | MI9: =IF(MI8="","",AVERAGE(MG4:MI8)) | MJ9: =IF(MJ8="","",AVERAGE(MG4:MJ8)) | MK9: =IF(MK8="","",AVERAGE(MG4:MK8)) | ML9: =IF(ML8="","",AVERAGE(MG4:ML8)) | MM9: =IF(MM8="","",AVERAGE(MG4:MM8)) | MN9: =IF(MN8="","",AVERAGE($FN4:MN8)) | MO9: =IF(MO8="","",AVERAGE(MN4:MO8)) | MP9: =IF(MP8="","",AVERAGE(MN4:MP8)) | MQ9: =IF(MQ8="","",AVERAGE(MN4:MQ8)) | MR9: =IF(MR8="","",AVERAGE(MN4:MR8)) | MS9: =IF(MS8="","",AVERAGE(MN4:MS8)) | MT9: =IF(MT8="","",AVERAGE(MN4:MT8)) | MU9: =IF(MU8="","",AVERAGE($FN4:MU8)) | MV9: =IF(MV8="","",AVERAGE(MU4:MV8)) | MW9: =IF(MW8="","",AVERAGE(MU4:MW8)) | MX9: =IF(MX8="","",AVERAGE(MU4:MX8)) | MY9: =IF(MY8="","",AVERAGE(MU4:MY8)) | MZ9: =IF(MZ8="","",AVERAGE(MU4:MZ8)) | NA9: =IF(NA8="","",AVERAGE(MU4:NA8)) | NB9: =IF(NB8="","",AVERAGE($FN4:NB8)) | NC9: =IF(NC8="","",AVERAGE(NB4:NC8)) | ND9: =IF(ND8="","",AVERAGE(NB4:ND8)) | NE9: =IF(NE8="","",AVERAGE(NB4:NE8)) | NF9: =IF(NF8="","",AVERAGE(NB4:NF8)) | NG9: =IF(NG8="","",AVERAGE(NB4:NG8)) | NH9: =IF(NH8="","",AVERAGE(NB4:NH8)) | NI9: =IF(NI8="","",AVERAGE($FN4:NI8)) | NJ9: =IF(NJ8="","",AVERAGE(NI4:NJ8)) | NK9: =IF(NK8="","",AVERAGE(NI4:NK8)) | NL9: =IF(NL8="","",AVERAGE(NI4:NL8)) | NM9: =IF(NM8="","",AVERAGE(NI4:NM8)) | NN9: =IF(NN8="","",AVERAGE(NI4:NN8)) | NO9: =IF(NO8="","",AVERAGE(NI4:NO8)) | NP9: =IF(NP8="","",AVERAGE($FN4:NP8)) | NQ9: =IF(NQ8="","",AVERAGE(NP4:NQ8)) | NR9: =IF(NR8="","",AVERAGE(NP4:NR8)) | NS9: =IF(NS8="","",AVERAGE(NP4:NS8)) | NT9: =IF(NT8="","",AVERAGE(NP4:NT8)) | NU9: =IF(NU8="","",AVERAGE(NP4:NU8)) | NV9: =IF(NV8="","",AVERAGE(NP4:NV8)) | NW9: =IF(NW8="","",AVERAGE($FN4:NW8)) | NX9: =IF(NX8="","",AVERAGE(NW4:NX8)) | NY9: =IF(NY8="","",AVERAGE(NW4:NY8)) | NZ9: =IF(NZ8="","",AVERAGE(NW4:NZ8)) | OA9: =IF(OA8="","",AVERAGE(NW4:OA8)) | OB9: =IF(OB8="","",AVERAGE(NW4:OB8)) | OC9: =IF(OC8="","",AVERAGE(NW4:OC8)) | OD9: =IF(OD8="","",AVERAGE($FN4:OD8)) | OE9: =IF(OE8="","",AVERAGE(OD4:OE8)) | OF9: =IF(OF8="","",AVERAGE(OD4:OF8)) | OG9: =IF(OG8="","",AVERAGE(OD4:OG8)) | OH9: =IF(OH8="","",AVERAGE(OD4:OH8)) | OI9: =IF(OI8="","",AVERAGE(OD4:OI8)) | OJ9: =IF(OJ8="","",AVERAGE(OD4:OJ8)) | OK9: =IF(OK8="","",AVERAGE($FN4:OK8)) | OL9: =IF(OL8="","",AVERAGE(OK4:OL8)) | OM9: =IF(OM8="","",AVERAGE(OK4:OM8)) | ON9: =IF(ON8="","",AVERAGE(OK4:ON8)) | OO9: =IF(OO8="","",AVERAGE(OK4:OO8)) | OP9: =IF(OP8="","",AVERAGE(OK4:OP8)) | OQ9: =IF(OQ8="","",AVERAGE(OK4:OQ8)) | OR9: =IF(OR8="","",AVERAGE($FN4:OR8)) | OS9: =IF(OS8="","",AVERAGE(OR4:OS8)) | OT9: =IF(OT8="","",AVERAGE(OR4:OT8)) | OU9: =IF(OU8="","",AVERAGE(OR4:OU8)) | OV9: =IF(OV8="","",AVERAGE(OR4:OV8)) | OW9: =IF(OW8="","",AVERAGE(OR4:OW8)) | OX9: =IF(OX8="","",AVERAGE(OR4:OX8)) | OY9: =IF(OY8="","",AVERAGE($OY4:OY8)) | OZ9: =IF(OZ8="","",AVERAGE($OY4:OZ8))
A10: =ISODD(B10) -> TRUE | B10: 7 | C10: =C9 -> Mechanical Availability | D10: =D9 -> 777E Expro | E10: Overall MTD | F10: =IF('All Fleet'!B49="","",'All Fleet'!C49) -> 1 | G10: =IF('All Fleet'!C49="","",'All Fleet'!D49) -> 1 | H10: =IF('All Fleet'!D49="","",'All Fleet'!E49) -> 0.99333333 | I10: =IF('All Fleet'!E49="","",'All Fleet'!F49) -> 0.995 | J10: =IF('All Fleet'!F49="","",'All Fleet'!G49) -> 0.996 | K10: =IF('All Fleet'!G49="","",'All Fleet'!H49) -> 0.98663889 | L10: =IF('All Fleet'!H49="","",'All Fleet'!I49) -> 0.98679762 | M10: =IF('All Fleet'!I49="","",'All Fleet'!J49) -> 0.96084375 | ... OZ10: =IF('All Fleet'!OV49="","",'All Fleet'!OW49)
A11: =ISODD(B11) -> FALSE | B11: 8 | C11: =C10 -> Mechanical Availability | D11: =D10 -> 777E Expro | E11: Overall YTD | F11: =IF('All Fleet'!C62="","",'All Fleet'!C62) -> 1 | G11: =IF('All Fleet'!D62="","",'All Fleet'!D62) -> 1 | H11: =IF('All Fleet'!E62="","",'All Fleet'!E62) -> 0.99333333 | I11: =IF('All Fleet'!F62="","",'All Fleet'!F62) -> 0.995 | J11: =IF('All Fleet'!G62="","",'All Fleet'!G62) -> 0.996 | K11: =IF('All Fleet'!H62="","",'All Fleet'!H62) -> 0.98663889 | L11: =IF('All Fleet'!I62="","",'All Fleet'!I62) -> 0.98679762 | M11: =IF('All Fleet'!J62="","",'All Fleet'!J62) -> 0.96084375 | ... OZ11: =IF('All Fleet'!OW62="","",'All Fleet'!OW62)
A12: =ISODD(B12) -> TRUE | B12: 9 | C12: =C11 -> Mechanical Availability | D12: =D11 -> 777E Expro | E12: Quota Monthly (hrs) | F12: =IF('All Fleet'!C75="","",((COUNTIFS('All Fleet'!$A$66:$A$74,"777E")*'All Fleet'!C$5)*11.8%)-'All Fleet'!C75) -> 14.16 | G12: =IF('All Fleet'!D75="","",((COUNTIFS('All Fleet'!$A$66:$A$74,"777E")*'All Fleet'!D$5)*11.8%)-'All Fleet'!D75) -> 28.32 | H12: =IF('All Fleet'!E75="","",((COUNTIFS('All Fleet'!$A$66:$A$74,"777E")*'All Fleet'!E$5)*11.8%)-'All Fleet'!E75) -> 40.08 | I12: =IF('All Fleet'!F75="","",((COUNTIFS('All Fleet'!$A$66:$A$74,"777E")*'All Fleet'!F$5)*11.8%)-'All Fleet'!F75) -> 54.24 | J12: =IF('All Fleet'!G75="","",((COUNTIFS('All Fleet'!$A$66:$A$74,"777E")*'All Fleet'!G$5)*11.8%)-'All Fleet'!G75) -> 68.4 | K12: =IF('All Fleet'!H75="","",((COUNTIFS('All Fleet'!$A$66:$A$74,"777E")*'All Fleet'!H$5)*11.8%)-'All Fleet'!H75) -> 75.34 | L12: =IF('All Fleet'!I75="","",((COUNTIFS('All Fleet'!$A$66:$A$74,"777E")*'All Fleet'!I$5)*11.8%)-'All Fleet'!I75) -> 88.03 | M12: =IF('All Fleet'!J75="","",((COUNTIFS('All Fleet'!$A$66:$A$74,"777E")*'All Fleet'!J$5)*11.8%)-'All Fleet'!J75) -> 75.69 | ... OZ12: =IF('All Fleet'!OW75="","",((COUNTIFS('All Fleet'!$A$66:$A$74,"777E")*'All Fleet'!OW$5)*11.8%)-'All Fleet'!OW75)
A13: =ISODD(B13) -> FALSE | B13: 10 | C13: =C12 -> Mechanical Availability | D13: =D12 -> 777E Expro | E13: Quota Daily (hrs) | F13: =IF('All Fleet'!C75="","",(4*24*11.8%)-'All Fleet'!C22) -> 11.328 | G13: =IF('All Fleet'!D75="","",(4*24*11.8%)-'All Fleet'!D22) -> 11.328 | H13: =IF('All Fleet'!E75="","",(4*24*11.8%)-'All Fleet'!E22) -> 8.928 | I13: =IF('All Fleet'!F75="","",(4*24*11.8%)-'All Fleet'!F22) -> 11.328 | J13: =IF('All Fleet'!G75="","",(4*24*11.8%)-'All Fleet'!G22) -> 11.328 | K13: =IF('All Fleet'!H75="","",(4*24*11.8%)-'All Fleet'!H22) -> 4.108 | L13: =IF('All Fleet'!I75="","",(4*24*11.8%)-'All Fleet'!I22) -> 9.858 | M13: =IF('All Fleet'!J75="","",(4*24*11.8%)-'All Fleet'!J22) -> -15.172 | ... AJ13: =IF('All Fleet'!AG75="","",(4*24*11.8%)-'All Fleet'!AG22) -> 5.348 | AK13: =IF('All Fleet'!AH75="","",(5*24*11.8%)-'All Fleet'!AH22) -> 12.19 | AL13: =IF('All Fleet'!AI75="","",(5*24*11.8%)-'All Fleet'!AI22) -> -8.63 | AM13: =IF('All Fleet'!AJ75="","",(5*24*11.8%)-'All Fleet'!AJ22) -> 8.14 | AN13: =IF('All Fleet'!AK75="","",(5*24*11.8%)-'All Fleet'!AK22) -> 6.29 | AO13: =IF('All Fleet'!AL75="","",(5*24*11.8%)-'All Fleet'!AL22) -> 7.61 | AP13: =IF('All Fleet'!AM75="","",(5*24*11.8%)-'All Fleet'!AM22) -> -7.8 | AQ13: =IF('All Fleet'!AN75="","",(5*24*11.8%)-'All Fleet'!AN22) -> 9.2 | AR13: =IF('All Fleet'!AO75="","",(5*24*11.8%)-'All Fleet'!AO22) -> -0.04 | ... OZ13: =IF('All Fleet'!OW75="","",(5*24*11.8%)-'All Fleet'!OW22)
A14: =ISODD(B14) -> TRUE | B14: 11 | C14: =C13 -> Mechanical Availability | D14: 777 Optiload | E14: RT406 | F14: =IF('All Fleet'!C58="","",'All Fleet'!C58) -> 1 | G14: =IF('All Fleet'!D58="","",'All Fleet'!D58) -> -0.1275 | H14: =IF('All Fleet'!E58="","",'All Fleet'!E58) -> 0.24833333 | I14: =IF('All Fleet'!F58="","",'All Fleet'!F58) -> 0.43625 | J14: =IF('All Fleet'!G58="","",'All Fleet'!G58) -> 0.293 | K14: =IF('All Fleet'!H58="","",'All Fleet'!H58) -> 0.36118056 | L14: =IF('All Fleet'!I58="","",'All Fleet'!I58) -> 0.45244048 | M14: =IF('All Fleet'!J58="","",'All Fleet'!J58) -> 0.45989583 | ... EZ14: =IF('All Fleet'!EW58="","",'All Fleet'!EW58) -> 0.88234823 | FA14: ='All Fleet'!EX45 -> 1 | FB14: ='All Fleet'!EY45 -> 1 | FC14: ='All Fleet'!EZ45 -> 1 | FD14: ='All Fleet'!FA45 -> 1 | FE14: ='All Fleet'!FB45 -> 1 | FF14: ='All Fleet'!FC45 -> 1 | FG14: ='All Fleet'!FD45 -> 0.97547619 | FH14: ='All Fleet'!FE45 -> 0.97854167 | ... OZ14: ='All Fleet'!OW45
A15: =ISODD(B15) -> FALSE | B15: 12 | C15: =C14 -> Mechanical Availability | D15: =D14 -> 777 Optiload | E15: RT407 | F15: =IF('All Fleet'!C59="","",'All Fleet'!C59) -> 1 | G15: =IF('All Fleet'!D59="","",'All Fleet'!D59) -> 1 | H15: =IF('All Fleet'!E59="","",'All Fleet'!E59) -> 1 | I15: =IF('All Fleet'!F59="","",'All Fleet'!F59) -> 1 | J15: =IF('All Fleet'!G59="","",'All Fleet'!G59) -> 1 | K15: =IF('All Fleet'!H59="","",'All Fleet'!H59) -> 1 | L15: =IF('All Fleet'!I59="","",'All Fleet'!I59) -> 1 | M15: =IF('All Fleet'!J59="","",'All Fleet'!J59) -> 1 | ... EZ15: =IF('All Fleet'!EW59="","",'All Fleet'!EW59) -> 0.87441777 | FA15: ='All Fleet'!EX46 -> 1 | FB15: ='All Fleet'!EY46 -> 1 | FC15: ='All Fleet'!EZ46 -> 1 | FD15: ='All Fleet'!FA46 -> 1 | FE15: ='All Fleet'!FB46 -> 1 | FF15: ='All Fleet'!FC46 -> 1 | FG15: ='All Fleet'!FD46 -> 0.95702381 | FH15: ='All Fleet'!FE46 -> 0.9009375 | ... OZ15: ='All Fleet'!OW46
A16: =ISODD(B16) -> TRUE | B16: 13 | C16: =C15 -> Mechanical Availability | D16: =D15 -> 777 Optiload | E16: RT408 | F16: =IF('All Fleet'!C60="","",'All Fleet'!C60) -> 1 | G16: =IF('All Fleet'!D60="","",'All Fleet'!D60) -> 1 | H16: =IF('All Fleet'!E60="","",'All Fleet'!E60) -> 0.94375 | I16: =IF('All Fleet'!F60="","",'All Fleet'!F60) -> 0.9578125 | J16: =IF('All Fleet'!G60="","",'All Fleet'!G60) -> 0.96625 | K16: =IF('All Fleet'!H60="","",'All Fleet'!H60) -> 0.94256944 | L16: =IF('All Fleet'!I60="","",'All Fleet'!I60) -> 0.89232143 | M16: =IF('All Fleet'!J60="","",'All Fleet'!J60) -> 0.81125 | ... EZ16: =IF('All Fleet'!EW60="","",'All Fleet'!EW60) -> 0.86910872 | FA16: ='All Fleet'!EX47 -> 1 | FB16: ='All Fleet'!EY47 -> 1 | FC16: ='All Fleet'!EZ47 -> 1 | FD16: ='All Fleet'!FA47 -> 1 | FE16: ='All Fleet'!FB47 -> 1 | FF16: ='All Fleet'!FC47 -> 1 | FG16: ='All Fleet'!FD47 -> 0.94595238 | FH16: ='All Fleet'!FE47 -> 0.87640625 | ... OZ16: ='All Fleet'!OW47
A17: =ISODD(B17) -> FALSE | B17: 14 | C17: =C16 -> Mechanical Availability | D17: =D16 -> 777 Optiload | E17: RT409 | F17: =IF('All Fleet'!C61="","",'All Fleet'!C61) -> 1 | G17: =IF('All Fleet'!D61="","",'All Fleet'!D61) -> 1 | H17: =IF('All Fleet'!E61="","",'All Fleet'!E61) -> 1 | I17: =IF('All Fleet'!F61="","",'All Fleet'!F61) -> 1 | J17: =IF('All Fleet'!G61="","",'All Fleet'!G61) -> 1 | K17: =IF('All Fleet'!H61="","",'All Fleet'!H61) -> 1 | L17: =IF('All Fleet'!I61="","",'All Fleet'!I61) -> 1 | M17: =IF('All Fleet'!J61="","",'All Fleet'!J61) -> 1 | ... EZ17: =IF('All Fleet'!EW61="","",'All Fleet'!EW61) -> 0.94168598 | FA17: ='All Fleet'!EX48 -> 1 | FB17: ='All Fleet'!EY48 -> 1 | FC17: ='All Fleet'!EZ48 -> 1 | FD17: ='All Fleet'!FA48 -> 1 | FE17: ='All Fleet'!FB48 -> 1 | FF17: ='All Fleet'!FC48 -> 1 | FG17: ='All Fleet'!FD48 -> 0.95345238 | FH17: ='All Fleet'!FE48 -> 0.9290625 | ... OZ17: ='All Fleet'!OW48
A18: =ISODD(B18) -> TRUE | B18: 15 | E18: Overall Weekly | F18: =IF(F17="","",AVERAGE($F$14:$H$17)) -> 0.83871528 | G18: =IF(G17="","",AVERAGE($F$14:$H$17)) -> 0.83871528 | H18: =IF(H17="","",AVERAGE($F$14:$H$17)) -> 0.83871528 | I18: =IF(I17="","",AVERAGE($I14:I17)) -> 0.84851562 | J18: =IF(J17="","",AVERAGE($I14:J17)) -> 0.83166406 | K18: =IF(K17="","",AVERAGE($I14:K17)) -> 0.82975521 | L18: =IF(L17="","",AVERAGE($I14:L17)) -> 0.83136403 | M18: =IF(M17="","",AVERAGE($I14:M17)) -> 0.82864851 | N18: =IF(N17="","",AVERAGE($I14:N17)) -> 0.8295277 | O18: =IF(O17="","",AVERAGE($I14:O17)) -> 0.83042999 | P18: =IF(P17="","",AVERAGE($I14:P17)) -> 0.82611488 | ... FF18: =IF(FF17="","",AVERAGE($I14:FF17)) -> 0.89188588 | FG18: =IF(FG17="","",AVERAGE($FG14:FG17)) -> 0.95797619 | FH18: =IF(FH17="","",AVERAGE($FG14:FH17)) -> 0.93960658 | FI18: =IF(FI17="","",AVERAGE($FG14:FI17)) -> 0.93620763 | FJ18: =IF(FJ17="","",AVERAGE($FG14:FJ17)) -> 0.9332651 | FK18: =IF(FK17="","",AVERAGE($FG14:FK17)) -> 0.93153443 | FL18: =IF(FL17="","",AVERAGE($FG14:FL17)) -> 0.93122805 | FM18: =IF(FM17="","",AVERAGE($FG14:FM17)) -> 0.93147844 | FN18: =IF(FN17="","",AVERAGE(FN14:FN17)) -> 0.93776786 | FO18: =IF(FO17="","",AVERAGE(FN14:FO17)) -> 0.93825546 | FP18: =IF(FP17="","",AVERAGE(FN14:FP17)) -> 0.93649756 | FQ18: =IF(FQ17="","",AVERAGE(FN14:FQ17)) -> 0.93660418 | FR18: =IF(FR17="","",AVERAGE(FN14:FR17)) -> 0.93672431 | FS18: =IF(FS17="","",AVERAGE(FN14:FS17)) -> 0.93735524 | FT18: =IF(FT17="","",AVERAGE(FN14:FT17)) -> 0.93817428 | FU18: =IF(FU17="","",AVERAGE(FU14:FU17)) -> 0.94579861 | FV18: =IF(FV17="","",AVERAGE(FU14:FV17)) -> 0.94274542 | FW18: =IF(FW17="","",AVERAGE(FU14:FW17)) -> 0.93676235 | FX18: =IF(FX17="","",AVERAGE(FU14:FX17)) -> 0.93455418 | FY18: =IF(FY17="","",AVERAGE(FU14:FY17)) -> 0.93337835 | FZ18: =IF(FZ17="","",AVERAGE(FU14:FZ17)) -> 0.93216892 | GA18: =IF(GA17="","",AVERAGE(FU14:GA17)) -> 0.93153555 | GB18: =IF(GB17="","",AVERAGE(GB14:GB17)) -> 0.93031622 | GC18: =IF(GC17="","",AVERAGE(GB14:GC17)) -> 0.93148534 | GD18: =IF(GD17="","",AVERAGE(GB14:GD17)) -> 0.9279011 | GE18: =IF(GE17="","",AVERAGE(GB14:GE17)) -> 0.88777479 | GF18: =IF(GF17="","",AVERAGE(GB14:GF17)) -> 0.88695941 | GG18: =IF(GG17="","",AVERAGE(GB14:GG17)) -> 0.89287706 | GH18: =IF(GH17="","",AVERAGE(GB14:GH17)) -> 0.89896158 | GI18: =IF(GI17="","",AVERAGE(GI14:GI17)) -> 0.9233125 | GJ18: =IF(GJ17="","",AVERAGE(GI14:GJ17)) -> 0.92826215 | GK18: =IF(GK17="","",AVERAGE(GI14:GK17)) -> 0.93309243 | GL18: =IF(GL17="","",AVERAGE(GI14:GL17)) -> 0.93559406 | GM18: =IF(GM17="","",AVERAGE(GI14:GM17)) -> 0.93734562 | GN18: =IF(GN17="","",AVERAGE(GI14:GN17)) -> 0.93834357 | GO18: =IF(GO17="","",AVERAGE(GI14:GO17)) -> 0.93979232 | GP18: =IF(GP17="","",AVERAGE(GP14:GP17)) -> 0.95277778 | GQ18: =IF(GQ17="","",AVERAGE(GP14:GQ17)) -> 0.95459402 | GR18: =IF(GR17="","",AVERAGE(GP14:GR17)) -> 0.95623728 | GS18: =IF(GS17="","",AVERAGE(GP14:GS17)) -> 0.95773352 | GT18: =IF(GT17="","",AVERAGE(GP14:GT17)) -> 0.95868681 | GU18: =IF(GU17="","",AVERAGE(GP14:GU17)) -> 0.95885972 | GV18: =IF(GV17="","",AVERAGE(GP14:GV17)) -> 0.95930288 | GW18: =IF(GW17="","",AVERAGE(GW14:GW17)) -> 0.95987939 | GX18: =IF(GX17="","",AVERAGE(GW14:GX17)) -> 0.9608824 | GY18: =IF(GY17="","",AVERAGE(GW14:GY17)) -> 0.93646624 | GZ18: =IF(GZ17="","",AVERAGE(GW14:GZ17)) -> 0.92463306 | HA18: =IF(HA17="","",AVERAGE(GW14:HA17)) -> 0.91849721 | HB18: =IF(HB17="","",AVERAGE(GW14:HB17)) -> 0.91514308 | HC18: =IF(HC17="","",AVERAGE(GW14:HC17)) -> 0.91332799 | HD18: =IF(HD17="","",AVERAGE(HD14:HD17)) -> 0.9061899 | HE18: =IF(HE17="","",AVERAGE(HD14:HE17)) -> 0.87993716 | HF18: =IF(HF17="","",AVERAGE(HD14:HF17)) -> 0.8729281 | HG18: =IF(HG17="","",AVERAGE(HD14:HG17)) -> 0.87063986 | HH18: =IF(HH17="","",AVERAGE(HD14:HH17)) -> 0.87017508 | HI18: =IF(HI17="","",AVERAGE(HD14:HI17)) -> 0.87057321 | HJ18: =IF(HJ17="","",AVERAGE(HD14:HJ17)) -> 0.88906275 | HK18: =IF(HK17="","",AVERAGE($I14:HK17)) -> 0.90124112 | HL18: =IF(HL17="","",AVERAGE($I14:HL17)) -> 0.90170696 | HM18: =IF(HM17="","",AVERAGE($I14:HM17)) -> 0.90216763 | HN18: =IF(HN17="","",AVERAGE($I14:HN17)) -> 0.90241612 | HO18: =IF(HO17="","",AVERAGE($I14:HO17)) -> 0.90250311 | HP18: =IF(HP17="","",AVERAGE($I14:HP17)) -> 0.90244547 | HQ18: =IF(HQ17="","",AVERAGE($I14:HQ17)) -> 0.9024376 | HR18: =IF(HR17="","",AVERAGE($I14:HR17)) -> 0.90248038 | ... OZ18: =IF(OZ17="","",AVERAGE($I14:OZ17))
A19: =ISODD(B19) -> FALSE | B19: 16 | C19: =C17 -> Mechanical Availability | D19: =D17 -> 777 Optiload | E19: Overall MTD | F19: =IF('All Fleet'!C50="","",'All Fleet'!C50) -> 1 | G19: =IF('All Fleet'!D50="","",'All Fleet'!D50) -> 0.718125 | H19: =IF('All Fleet'!E50="","",'All Fleet'!E50) -> 0.79802083 | I19: =IF('All Fleet'!F50="","",'All Fleet'!F50) -> 0.84851562 | J19: =IF('All Fleet'!G50="","",'All Fleet'!G50) -> 0.8148125 | K19: =IF('All Fleet'!H50="","",'All Fleet'!H50) -> 0.8259375 | L19: =IF('All Fleet'!I50="","",'All Fleet'!I50) -> 0.83619048 | M19: =IF('All Fleet'!J50="","",'All Fleet'!J50) -> 0.81778646 | ... OZ19: =IF('All Fleet'!OW50="","",'All Fleet'!OW50)
A20: =ISODD(B20) -> TRUE | B20: 17 | C20: =C19 -> Mechanical Availability | D20: =D19 -> 777 Optiload | E20: Overall YTD | F20: =IF('All Fleet'!C63="","",'All Fleet'!C63) -> 1 | G20: =IF('All Fleet'!D63="","",'All Fleet'!D63) -> 0.718125 | H20: =IF('All Fleet'!E63="","",'All Fleet'!E63) -> 0.79802083 | I20: =IF('All Fleet'!F63="","",'All Fleet'!F63) -> 0.84851562 | J20: =IF('All Fleet'!G63="","",'All Fleet'!G63) -> 0.8148125 | K20: =IF('All Fleet'!H63="","",'All Fleet'!H63) -> 0.8259375 | L20: =IF('All Fleet'!I63="","",'All Fleet'!I63) -> 0.83619048 | M20: =IF('All Fleet'!J63="","",'All Fleet'!J63) -> 0.81778646 | ... OZ20: =IF('All Fleet'!OW63="","",'All Fleet'!OW63)
A21: =ISODD(B21) -> FALSE | B21: 18 | C21: =C20 -> Mechanical Availability | D21: =D20 -> 777 Optiload | E21: Quota Monthly (hrs) | F21: =IF('All Fleet'!C76="","",(((COUNTIFS('All Fleet'!$A$66:$A$74,"777")*'All Fleet'!C$5)*11.8%))-'All Fleet'!C76) -> 11.328 | G21: =IF('All Fleet'!D76="","",(((COUNTIFS('All Fleet'!$A$66:$A$74,"777")*'All Fleet'!D$5)*11.8%))-'All Fleet'!D76) -> -31.464 | H21: =IF('All Fleet'!E76="","",(((COUNTIFS('All Fleet'!$A$66:$A$74,"777")*'All Fleet'!E$5)*11.8%))-'All Fleet'!E76) -> -24.186 | I21: =IF('All Fleet'!F76="","",(((COUNTIFS('All Fleet'!$A$66:$A$74,"777")*'All Fleet'!F$5)*11.8%))-'All Fleet'!F76) -> -12.858 | J21: =IF('All Fleet'!G76="","",(((COUNTIFS('All Fleet'!$A$66:$A$74,"777")*'All Fleet'!G$5)*11.8%))-'All Fleet'!G76) -> -32.25 | K21: =IF('All Fleet'!H76="","",(((COUNTIFS('All Fleet'!$A$66:$A$74,"777")*'All Fleet'!H$5)*11.8%))-'All Fleet'!H76) -> -32.292 | L21: =IF('All Fleet'!I76="","",(((COUNTIFS('All Fleet'!$A$66:$A$74,"777")*'All Fleet'!I$5)*11.8%))-'All Fleet'!I76) -> -30.784 | M21: =IF('All Fleet'!J76="","",(((COUNTIFS('All Fleet'!$A$66:$A$74,"777")*'All Fleet'!J$5)*11.8%))-'All Fleet'!J76) -> -49.316 | ... OZ21: =IF('All Fleet'!OW76="","",(((COUNTIFS('All Fleet'!$A$66:$A$74,"777")*'All Fleet'!OW$5)*11.8%))-'All Fleet'!OW76)
A22: =ISODD(B22) -> TRUE | B22: 19 | C22: =C21 -> Mechanical Availability | D22: =D21 -> 777 Optiload | E22: Quota Daily (hrs) | F22: =IF('All Fleet'!C76="","",(5*24*11.8%)-'All Fleet'!C23) -> 14.16 | G22: =IF('All Fleet'!D76="","",(5*24*11.8%)-'All Fleet'!D23) -> -39.96 | H22: =IF('All Fleet'!E76="","",(5*24*11.8%)-'All Fleet'!E23) -> 10.11 | I22: =IF('All Fleet'!F76="","",(5*24*11.8%)-'All Fleet'!F23) -> 14.16 | J22: =IF('All Fleet'!G76="","",(5*24*11.8%)-'All Fleet'!G23) -> -16.56 | K22: =IF('All Fleet'!H76="","",(5*24*11.8%)-'All Fleet'!H23) -> 2.79 | L22: =IF('All Fleet'!I76="","",(5*24*11.8%)-'All Fleet'!I23) -> 4.34 | M22: =IF('All Fleet'!J76="","",(5*24*11.8%)-'All Fleet'!J23) -> -15.7 | ... OZ22: =IF('All Fleet'!OW76="","",(5*24*11.8%)-'All Fleet'!OW23)
A23: =ISODD(B23) -> FALSE | B23: 20 | C23: =C21 -> Mechanical Availability | D23: =D21 -> 777 Optiload | E23: Overall Weekly | F23: =AVERAGE(F18,F9) -> 0.91824653 | G23: =AVERAGE(G18,G9) -> 0.91824653 | H23: =AVERAGE(H18,H9) -> 0.91824653 | I23: =IF(OR(I18="",I9=""),"",AVERAGE(I18,I9)) -> 0.92175781 | J23: =IF(OR(J18="",J9=""),"",AVERAGE(I18:J18,I9:J9)) -> 0.91766992 | K23: =IF(OR(K18="",K9=""),"",AVERAGE(I18:K18,I9:K9)) -> 0.91549687 | L23: =IF(OR(L18="",L9=""),"",AVERAGE(I18:L18,I9:L9)) -> 0.91443179 | M23: =IF(OR(M18="",M9=""),"",AVERAGE(I18:M18,I9:M9)) -> 0.91291589 | N23: =IF(OR(N18="",N9=""),"",AVERAGE(I18:N18,I9:N9)) -> 0.91168662 | O23: =IF(OR(O18="",O9=""),"",AVERAGE(I18:O18,I9:O9)) -> 0.91066101 | P23: =IF(OR(P18="",P9=""),"",AVERAGE(P18,P9)) -> 0.88145138 | Q23: =IF(OR(Q18="",Q9=""),"",AVERAGE(P18:Q18,P9:Q9)) -> 0.88094316 | R23: =IF(OR(R18="",R9=""),"",AVERAGE(P18:R18,P9:R9)) -> 0.87952065 | S23: =IF(OR(S18="",S9=""),"",AVERAGE(P18:S18,P9:S9)) -> 0.87846585 | T23: =IF(OR(T18="",T9=""),"",AVERAGE(P18:T18,P9:T9)) -> 0.87770402 | U23: =IF(OR(U18="",U9=""),"",AVERAGE(P18:U18,P9:U9)) -> 0.87703183 | V23: =IF(OR(V18="",V9=""),"",AVERAGE(P18:V18,P9:V9)) -> 0.8765556 | W23: =IF(OR(W18="",W9=""),"",AVERAGE(W18,W9)) -> 0.8721711 | X23: =IF(OR(X18="",X9=""),"",AVERAGE(W18:X18,W9:X9)) -> 0.87279946 | Y23: =IF(OR(Y18="",Y9=""),"",AVERAGE(W18:Y18,W9:Y9)) -> 0.87316545 | Z23: =IF(OR(Z18="",Z9=""),"",AVERAGE(W18:Z18,W9:Z9)) -> 0.87361954 | AA23: =IF(OR(AA18="",AA9=""),"",AVERAGE(W18:AA18,W9:AA9)) -> 0.87396638 | AB23: =IF(OR(AB18="",AB9=""),"",AVERAGE(W18:AB18,W9:AB9)) -> 0.874061 | AC23: =IF(OR(AC18="",AC9=""),"",AVERAGE(W18:AC18,W9:AC9)) -> 0.87409029 | AD23: =IF(OR(AD18="",AD9=""),"",AVERAGE(AD18,AD9)) -> 0.86977756 | AE23: =IF(OR(AE18="",AE9=""),"",AVERAGE(AD18:AE18,AD9:AE9)) -> 0.87059657 | AF23: =IF(OR(AF18="",AF9=""),"",AVERAGE(AD18:AF18,AD9:AF9)) -> 0.87131005 | AG23: =IF(OR(AG18="",AG9=""),"",AVERAGE(AD18:AG18,AD9:AG9)) -> 0.87161397 | AH23: =IF(OR(AH18="",AH9=""),"",AVERAGE(AD18:AH18,AD9:AH9)) -> 0.87188968 | AI23: =IF(OR(AI18="",AI9=""),"",AVERAGE(AD18:AI18,AD9:AI9)) -> 0.87214963 | AJ23: =IF(OR(AJ18="",AJ9=""),"",AVERAGE(AD18:AJ18,AD9:AJ9)) -> 0.87242567 | AK23: =IF(OR(AK18="",AK9=""),"",AVERAGE(AK18,AK9)) -> 0.91408178 | AL23: =IF(OR(AL18="",AL9=""),"",AVERAGE(AK18:AL18,AK9:AL9)) -> 0.90355753 | AM23: =IF(OR(AM18="",AM9=""),"",AVERAGE(AK18:AM18,AK9:AM9)) -> 0.89883897 | AN23: =IF(OR(AN18="",AN9=""),"",AVERAGE(AK18:AN18,AK9:AN9)) -> 0.89626551 | AO23: =IF(OR(AO18="",AO9=""),"",AVERAGE(AK18:AO18,AK9:AO9)) -> 0.89477175 | AP23: =IF(OR(AP18="",AP9=""),"",AVERAGE(AK18:AP18,AK9:AP9)) -> 0.89359032 | AQ23: =IF(OR(AQ18="",AQ9=""),"",AVERAGE(AK18:AQ18,AK9:AQ9)) -> 0.89273425 | AR23: =IF(OR(AR18="",AR9=""),"",AVERAGE(AR18,AR9)) -> 0.88185765 | AS23: =IF(OR(AS18="",AS9=""),"",AVERAGE(AR18:AS18,AR9:AS9)) -> 0.88137961 | AT23: =IF(OR(AT18="",AT9=""),"",AVERAGE(AR18:AT18,AR9:AT9)) -> 0.8809325 | AU23: =IF(OR(AU18="",AU9=""),"",AVERAGE(AR18:AU18,AR9:AU9)) -> 0.88057293 | AV23: =IF(OR(AV18="",AV9=""),"",AVERAGE(AR18:AV18,AR9:AV9)) -> 0.88024305 | AW23: =IF(OR(AW18="",AW9=""),"",AVERAGE(AR18:AW18,AR9:AW9)) -> 0.88007045 | AX23: =IF(OR(AX18="",AX9=""),"",AVERAGE(AR18:AX18,AR9:AX9)) -> 0.87994795 | AY23: =IF(OR(AY18="",AY9=""),"",AVERAGE(AY18,AY9)) -> 0.8724401 | AZ23: =IF(OR(AZ18="",AZ9=""),"",AVERAGE(AY18:AZ18,AY9:AZ9)) -> 0.87271229 | BA23: =IF(OR(BA18="",BA9=""),"",AVERAGE(AY18:BA18,AY9:BA9)) -> 0.87326317 | BB23: =IF(OR(BB18="",BB9=""),"",AVERAGE(AY18:BB18,AY9:BB9)) -> 0.87346335 | BC23: =IF(OR(BC18="",BC9=""),"",AVERAGE(AY18:BC18,AY9:BC9)) -> 0.87350317 | BD23: =IF(OR(BD18="",BD9=""),"",AVERAGE(AY18:BD18,AY9:BD9)) -> 0.87344016 | BE23: =IF(OR(BE18="",BE9=""),"",AVERAGE(AY18:BE18,AY9:BE9)) -> 0.8734091 | BF23: =IF(OR(BF18="",BF9=""),"",AVERAGE(BF18,BF9)) -> 0.87213553 | BG23: =IF(OR(BG18="",BG9=""),"",AVERAGE(BF18:BG18,BF9:BG9)) -> 0.87281336 | BH23: =IF(OR(BH18="",BH9=""),"",AVERAGE(BF18:BH18,BF9:BH9)) -> 0.87344524 | BI23: =IF(OR(BI18="",BI9=""),"",AVERAGE(BF18:BI18,BF9:BI9)) -> 0.87404791 | BJ23: =IF(OR(BJ18="",BJ9=""),"",AVERAGE(BF18:BJ18,BF9:BJ9)) -> 0.87462632 | BK23: =IF(OR(BK18="",BK9=""),"",AVERAGE(BF18:BK18,BF9:BK9)) -> 0.87518926 | BL23: =IF(OR(BL18="",BL9=""),"",AVERAGE(BF18:BL18,BF9:BL9)) -> 0.87572369 | BM23: =IF(OR(BM18="",BM9=""),"",AVERAGE(BM18,BM9)) -> 0.80626347 | BN23: =IF(OR(BN18="",BN9=""),"",AVERAGE(BM18:BN18,BM9:BN9)) -> 0.80770484 | BO23: =IF(OR(BO18="",BO9=""),"",AVERAGE(BM18:BO18,BM9:BO9)) -> 0.80652202 | BP23: =IF(OR(BP18="",BP9=""),"",AVERAGE(BM18:BP18,BM9:BP9)) -> 0.80756418 | BQ23: =IF(OR(BQ18="",BQ9=""),"",AVERAGE(BM18:BQ18,BM9:BQ9)) -> 0.80902391 | BR23: =IF(OR(BR18="",BR9=""),"",AVERAGE(BM18:BR18,BM9:BR9)) -> 0.8104853 | BS23: =IF(OR(BS18="",BS9=""),"",AVERAGE(BM18:BS18,BM9:BS9)) -> 0.8120916 | BT23: =IF(OR(BT18="",BT9=""),"",AVERAGE(BT18,BT9)) -> 0.8530339 | BU23: =IF(OR(BU18="",BU9=""),"",AVERAGE(BT18:BU18,BT9:BU9)) -> 0.85327253 | BV23: =IF(OR(BV18="",BV9=""),"",AVERAGE(BT18:BV18,BT9:BV9)) -> 0.85330841 | BW23: =IF(OR(BW18="",BW9=""),"",AVERAGE(BT18:BW18,BT9:BW9)) -> 0.85366076 | BX23: =IF(OR(BX18="",BX9=""),"",AVERAGE(BT18:BX18,BT9:BX9)) -> 0.85422937 | BY23: =IF(OR(BY18="",BY9=""),"",AVERAGE(BT18:BY18,BT9:BY9)) -> 0.85481534 | BZ23: =IF(OR(BZ18="",BZ9=""),"",AVERAGE(BT18:BZ18,BT9:BZ9)) -> 0.85540244 | CA23: =IF(OR(CA18="",CA9=""),"",AVERAGE(CA18,CA9)) -> 0.86940918 | CB23: =IF(OR(CB18="",CB9=""),"",AVERAGE(CA18:CB18,CA9:CB9)) -> 0.87020995 | CC23: =IF(OR(CC18="",CC9=""),"",AVERAGE(CA18:CC18,CA9:CC9)) -> 0.87101958 | CD23: =IF(OR(CD18="",CD9=""),"",AVERAGE(CA18:CD18,CA9:CD9)) -> 0.8716778 | CE23: =IF(OR(CE18="",CE9=""),"",AVERAGE(CA18:CE18,CA9:CE9)) -> 0.87178953 | CF23: =IF(OR(CF18="",CF9=""),"",AVERAGE(CA18:CF18,CA9:CF9)) -> 0.87152722 | CG23: =IF(OR(CG18="",CG9=""),"",AVERAGE(CA18:CG18,CA9:CG9)) -> 0.87118547 | CH23: =IF(OR(CH18="",CH9=""),"",AVERAGE(CH18,CH9)) -> 0.86549907 | CI23: =IF(OR(CI18="",CI9=""),"",AVERAGE(CH18:CI18,CH9:CI9)) -> 0.8655668 | CJ23: =IF(OR(CJ18="",CJ9=""),"",AVERAGE(CH18:CJ18,CH9:CJ9)) -> 0.86597037 | CK23: =IF(OR(CK18="",CK9=""),"",AVERAGE(CH18:CK18,CH9:CK9)) -> 0.86645825 | CL23: =IF(OR(CL18="",CL9=""),"",AVERAGE(CH18:CL18,CH9:CL9)) -> 0.86692782 | CM23: =IF(OR(CM18="",CM9=""),"",AVERAGE(CH18:CM18,CH9:CM9)) -> 0.86737077 | CN23: =IF(OR(CN18="",CN9=""),"",AVERAGE(CH18:CN18,CH9:CN9)) -> 0.86782083 | CO23: =IF(OR(CO18="",CO9=""),"",AVERAGE(CO18,CO9)) -> 0.87747071 | CP23: =IF(OR(CP18="",CP9=""),"",AVERAGE(CO18:CP18,CO9:CP9)) -> 0.8770685 | CQ23: =IF(OR(CQ18="",CQ9=""),"",AVERAGE(CO18:CQ18,CO9:CQ9)) -> 0.87694446 | CR23: =IF(OR(CR18="",CR9=""),"",AVERAGE(CO18:CR18,CO9:CR9)) -> 0.87179399 | CS23: =IF(OR(CS18="",CS9=""),"",AVERAGE(CO18:CS18,CO9:CS9)) -> 0.86827963 | CT23: =IF(OR(CT18="",CT9=""),"",AVERAGE(CO18:CT18,CO9:CT9)) -> 0.86590825 | CU23: =IF(OR(CU18="",CU9=""),"",AVERAGE(CO18:CU18,CO9:CU9)) -> 0.86395156 | CV23: =IF(OR(CV18="",CV9=""),"",AVERAGE(CV18,CV9)) -> 0.83466446 | CW23: =IF(OR(CW18="",CW9=""),"",AVERAGE(CV18:CW18,CV9:CW9)) -> 0.83603434 | CX23: =IF(OR(CX18="",CX9=""),"",AVERAGE(CV18:CX18,CV9:CX9)) -> 0.83773688 | CY23: =IF(OR(CY18="",CY9=""),"",AVERAGE(CV18:CY18,CV9:CY9)) -> 0.83975061 | CZ23: =IF(OR(CZ18="",CZ9=""),"",AVERAGE(CV18:CZ18,CV9:CZ9)) -> 0.84189153 | DA23: =IF(OR(DA18="",DA9=""),"",AVERAGE(CV18:DA18,CV9:DA9)) -> 0.84404363 | DB23: =IF(OR(DB18="",DB9=""),"",AVERAGE(CV18:DB18,CV9:DB9)) -> 0.8460203 | DC23: =IF(OR(DC18="",DC9=""),"",AVERAGE(DC18,DC9)) -> 0.88130189 | DD23: =IF(OR(DD18="",DD9=""),"",AVERAGE(DC18:DD18,DC9:DD9)) -> 0.88113018 | DE23: =IF(OR(DE18="",DE9=""),"",AVERAGE(DC18:DE18,DC9:DE9)) -> 0.88140231 | DF23: =IF(OR(DF18="",DF9=""),"",AVERAGE(DC18:DF18,DC9:DF9)) -> 0.88191833 | DG23: =IF(OR(DG18="",DG9=""),"",AVERAGE(DC18:DG18,DC9:DG9)) -> 0.88241151 | DH23: =IF(OR(DH18="",DH9=""),"",AVERAGE(DC18:DH18,DC9:DH9)) -> 0.88285671 | DI23: =IF(OR(DI18="",DI9=""),"",AVERAGE(DC18:DI18,DC9:DI9)) -> 0.88330027 | DJ23: =IF(OR(DJ18="",DJ9=""),"",AVERAGE(DJ18,DJ9)) -> 0.89018958 | DK23: =IF(OR(DK18="",DK9=""),"",AVERAGE(DJ18:DK18,DJ9:DK9)) -> 0.8885597 | DL23: =IF(OR(DL18="",DL9=""),"",AVERAGE(DJ18:DL18,DJ9:DL9)) -> 0.88794669 | DM23: =IF(OR(DM18="",DM9=""),"",AVERAGE(DJ18:DM18,DJ9:DM9)) -> 0.88769367 | DN23: =IF(OR(DN18="",DN9=""),"",AVERAGE(DJ18:DN18,DJ9:DN9)) -> 0.88763908 | DO23: =IF(OR(DO18="",DO9=""),"",AVERAGE(DJ18:DO18,DJ9:DO9)) -> 0.88770291 | DP23: =IF(OR(DP18="",DP9=""),"",AVERAGE(DJ18:DP18,DJ9:DP9)) -> 0.88785333 | DQ23: =IF(OR(DQ18="",DQ9=""),"",AVERAGE(DQ18,DQ9)) -> 0.89495659 | DR23: =IF(OR(DR18="",DR9=""),"",AVERAGE(DQ18:DR18,DQ9:DR9)) -> 0.895078 | DS23: =IF(OR(DS18="",DS9=""),"",AVERAGE(DQ18:DS18,DQ9:DS9)) -> 0.89520765 | DT23: =IF(OR(DT18="",DT9=""),"",AVERAGE(DQ18:DT18,DQ9:DT9)) -> 0.89540172 | DU23: =IF(OR(DU18="",DU9=""),"",AVERAGE(DQ18:DU18,DQ9:DU9)) -> 0.89544424 | DV23: =IF(OR(DV18="",DV9=""),"",AVERAGE(DQ18:DV18,DQ9:DV9)) -> 0.89490083 | DW23: =IF(OR(DW18="",DW9=""),"",AVERAGE(DQ18:DW18,DQ9:DW9)) -> 0.8946498 | DX23: =IF(OR(DX18="",DX9=""),"",AVERAGE(DX18,DX9)) -> 0.86358983 | DY23: =IF(OR(DY18="",DY9=""),"",AVERAGE(DX18:DY18,DX9:DY9)) -> 0.86705784 | DZ23: =IF(OR(DZ18="",DZ9=""),"",AVERAGE(DX18:DZ18,DX9:DZ9)) -> 0.87033284 | EA23: =IF(OR(EA18="",EA9=""),"",AVERAGE(DX18:EA18,DX9:EA9)) -> 0.8727182 | EB23: =IF(OR(EB18="",EB9=""),"",AVERAGE(DX18:EB18,DX9:EB9)) -> 0.87471329 | EC23: =IF(OR(EC18="",EC9=""),"",AVERAGE(DX18:EC18,DX9:EC9)) -> 0.87624301 | ED23: =IF(OR(ED18="",ED9=""),"",AVERAGE(DX18:ED18,DX9:ED9)) -> 0.87758082 | EE23: =IF(OR(EE18="",EE9=""),"",AVERAGE(EE18,EE9)) -> 0.89717933 | EF23: =IF(OR(EF18="",EF9=""),"",AVERAGE(EE18:EF18,EE9:EF9)) -> 0.89420676 | EG23: =IF(OR(EG18="",EG9=""),"",AVERAGE(EE18:EG18,EE9:EG9)) -> 0.89255746 | EH23: =IF(OR(EH18="",EH9=""),"",AVERAGE(EE18:EH18,EE9:EH9)) -> 0.89082347 | EI23: =IF(OR(EI18="",EI9=""),"",AVERAGE(EE18:EI18,EE9:EI9)) -> 0.88954593 | EJ23: =IF(OR(EJ18="",EJ9=""),"",AVERAGE(EE18:EJ18,EE9:EJ9)) -> 0.8883729 | EK23: =IF(OR(EK18="",EK9=""),"",AVERAGE(EE18:EK18,EE9:EK9)) -> 0.88742743 | EL23: =IF(OR(EL18="",EL9=""),"",AVERAGE(EL18,EL9)) -> 0.8739556 | EM23: =IF(OR(EM18="",EM9=""),"",AVERAGE(EL18:EM18,EL9:EM9)) -> 0.87415418 | EN23: =IF(OR(EN18="",EN9=""),"",AVERAGE(EL18:EN18,EL9:EN9)) -> 0.87448028 | EO23: =IF(OR(EO18="",EO9=""),"",AVERAGE(EL18:EO18,EL9:EO9)) -> 0.87462455 | EP23: =IF(OR(EP18="",EP9=""),"",AVERAGE(EL18:EP18,EL9:EP9)) -> 0.87475001 | EQ23: =IF(OR(EQ18="",EQ9=""),"",AVERAGE(EL18:EQ18,EL9:EQ9)) -> 0.87492949 | ER23: =IF(OR(ER18="",ER9=""),"",AVERAGE(EL18:ER18,EL9:ER9)) -> 0.87507101 | ES23: =IF(OR(ES18="",ES9=""),"",AVERAGE(ES18,ES9)) -> 0.87318769 | ET23: =IF(OR(ET18="",ET9=""),"",AVERAGE(ES18:ET18,ES9:ET9)) -> 0.87375667 | EU23: =IF(OR(EU18="",EU9=""),"",AVERAGE(ES18:EU18,ES9:EU9)) -> 0.8742 | EV23: =IF(OR(EV18="",EV9=""),"",AVERAGE(ES18:EV18,ES9:EV9)) -> 0.87459846 | EW23: =IF(OR(EW18="",EW9=""),"",AVERAGE(ES18:EW18,ES9:EW9)) -> 0.87497803 | EX23: =IF(OR(EX18="",EX9=""),"",AVERAGE(ES18:EX18,ES9:EX9)) -> 0.87537161 | EY23: =IF(OR(EY18="",EY9=""),"",AVERAGE(ES18:EY18,ES9:EY9)) -> 0.87578186 | EZ23: =IF(OR(EZ18="",EZ9=""),"",AVERAGE(EZ18,EZ9)) -> 0.88554579 | FA23: =IF(OR(FA18="",FA9=""),"",AVERAGE(EZ18:FA18,EZ9:FA9)) -> 0.90028596 | FB23: =IF(OR(FB18="",FB9=""),"",AVERAGE(EZ18:FB18,EZ9:FB9)) -> 0.90855715 | FC23: =IF(OR(FC18="",FC9=""),"",AVERAGE(EZ18:FC18,EZ9:FC9)) -> 0.91399725 | FD23: =IF(OR(FD18="",FD9=""),"",AVERAGE(EZ18:FD18,EZ9:FD9)) -> 0.91791591 | FE23: =IF(OR(FE18="",FE9=""),"",AVERAGE(EZ18:FE18,EZ9:FE9)) -> 0.92091137 | FF23: =IF(OR(FF18="",FF9=""),"",AVERAGE(EZ18:FF18,EZ9:FF9)) -> 0.92329944 | FG23: =IF(OR(FG18="",FG9=""),"",AVERAGE(FG18,FG9)) -> 0.97627976 | FH23: =IF(OR(FH18="",FH9=""),"",AVERAGE(FG18:FH18,FG9:FH9)) -> 0.96823944 | FI23: =IF(OR(FI18="",FI9=""),"",AVERAGE(FG18:FI18,FG9:FI9)) -> 0.9638393 | FJ23: =IF(OR(FJ18="",FJ9=""),"",AVERAGE(FG18:FJ18,FG9:FJ9)) -> 0.96032233 | FK23: =IF(OR(FK18="",FK9=""),"",AVERAGE(FG18:FK18,FG9:FK9)) -> 0.95751126 | FL23: =IF(OR(FL18="",FL9=""),"",AVERAGE(FG18:FL18,FG9:FL9)) -> 0.95516888 | FM23: =IF(OR(FM18="",FM9=""),"",AVERAGE(FG18:FM18,FG9:FM9)) -> 0.95325252 | FN23: =IF(OR(FN18="",FN9=""),"",AVERAGE(FN18,FN9)) -> 0.92963393 | FO23: =IF(OR(FO18="",FO9=""),"",AVERAGE(FN18:FO18,FN9:FO9)) -> 0.93018777 | FP23: =IF(OR(FP18="",FP9=""),"",AVERAGE(FN18:FP18,FN9:FP9)) -> 0.93028782 | FQ23: =IF(OR(FQ18="",FQ9=""),"",AVERAGE(FN18:FQ18,FN9:FQ9)) -> 0.93056355 | FR23: =IF(OR(FR18="",FR9=""),"",AVERAGE(FN18:FR18,FN9:FR9)) -> 0.93062616 | FS23: =IF(OR(FS18="",FS9=""),"",AVERAGE(FN18:FS18,FN9:FS9)) -> 0.93032229 | FT23: =IF(OR(FT18="",FT9=""),"",AVERAGE(FN18:FT18,FN9:FT9)) -> 0.92993359 | FU23: =IF(OR(FU18="",FU9=""),"",AVERAGE(FU18,FU9)) -> 0.92668983 | FV23: =IF(OR(FV18="",FV9=""),"",AVERAGE(FU18:FV18,FU9:FV9)) -> 0.9096091 | FW23: =IF(OR(FW18="",FW9=""),"",AVERAGE(FU18:FW18,FU9:FW9)) -> 0.90280604 | FX23: =IF(OR(FX18="",FX9=""),"",AVERAGE(FU18:FX18,FU9:FX9)) -> 0.89905757 | FY23: =IF(OR(FY18="",FY9=""),"",AVERAGE(FU18:FY18,FU9:FY9)) -> 0.89664464 | FZ23: =IF(OR(FZ18="",FZ9=""),"",AVERAGE(FU18:FZ18,FU9:FZ9)) -> 0.89490569 | GA23: =IF(OR(GA18="",GA9=""),"",AVERAGE(FU18:GA18,FU9:GA9)) -> 0.89360301 | GB23: =IF(OR(GB18="",GB9=""),"",AVERAGE(GB18,GB9)) -> 0.90053908 | GC23: =IF(OR(GC18="",GC9=""),"",AVERAGE(GB18:GC18,GB9:GC9)) -> 0.87424344 | GD23: =IF(OR(GD18="",GD9=""),"",AVERAGE(GB18:GD18,GB9:GD9)) -> 0.86542859 | GE23: =IF(OR(GE18="",GE9=""),"",AVERAGE(GB18:GE18,GB9:GE9)) -> 0.84655912 | GF23: =IF(OR(GF18="",GF9=""),"",AVERAGE(GB18:GF18,GB9:GF9)) -> 0.83472837 | GG23: =IF(OR(GG18="",GG9=""),"",AVERAGE(GB18:GG18,GB9:GG9)) -> 0.82768556 | GH23: =IF(OR(GH18="",GH9=""),"",AVERAGE(GB18:GH18,GB9:GH9)) -> 0.8232796 | GI23: =IF(OR(GI18="",GI9=""),"",AVERAGE(GI18,GI9)) -> 0.86881574 | GJ23: =IF(OR(GJ18="",GJ9=""),"",AVERAGE(GI18:GJ18,GI9:GJ9)) -> 0.84391369 | GK23: =IF(OR(GK18="",GK9=""),"",AVERAGE(GI18:GK18,GI9:GK9)) -> 0.8351337 | GL23: =IF(OR(GL18="",GL9=""),"",AVERAGE(GI18:GL18,GI9:GL9)) -> 0.83158985 | GM23: =IF(OR(GM18="",GM9=""),"",AVERAGE(GI18:GM18,GI9:GM9)) -> 0.83040057 | GN23: =IF(OR(GN18="",GN9=""),"",AVERAGE(GI18:GN18,GI9:GN9)) -> 0.83046913 | GO23: =IF(OR(GO18="",GO9=""),"",AVERAGE(GI18:GO18,GI9:GO9)) -> 0.82983587 | GP23: =IF(OR(GP18="",GP9=""),"",AVERAGE(GP18,GP9)) -> 0.86975621 | GQ23: =IF(OR(GQ18="",GQ9=""),"",AVERAGE(GP18:GQ18,GP9:GQ9)) -> 0.84342845 | GR23: =IF(OR(GR18="",GR9=""),"",AVERAGE(GP18:GR18,GP9:GR9)) -> 0.83685894 | GS23: =IF(OR(GS18="",GS9=""),"",AVERAGE(GP18:GS18,GP9:GS9)) -> 0.83508092 | GT23: =IF(OR(GT18="",GT9=""),"",AVERAGE(GP18:GT18,GP9:GT9)) -> 0.83507611 | GU23: =IF(OR(GU18="",GU9=""),"",AVERAGE(GP18:GU18,GP9:GU9)) -> 0.83550227 | GV23: =IF(OR(GV18="",GV9=""),"",AVERAGE(GP18:GV18,GP9:GV9)) -> 0.83623904 | GW23: =IF(OR(GW18="",GW9=""),"",AVERAGE(GW18,GW9)) -> 0.86835752 | GX23: =IF(OR(GX18="",GX9=""),"",AVERAGE(GW18:GX18,GW9:GX9)) -> 0.86425117 | GY23: =IF(OR(GY18="",GY9=""),"",AVERAGE(GW18:GY18,GW9:GY9)) -> 0.85923529 | GZ23: =IF(OR(GZ18="",GZ9=""),"",AVERAGE(GW18:GZ18,GW9:GZ9)) -> 0.85522164 | HA23: =IF(OR(HA18="",HA9=""),"",AVERAGE(GW18:HA18,GW9:HA9)) -> 0.85239486 | HB23: =IF(OR(HB18="",HB9=""),"",AVERAGE(GW18:HB18,GW9:HB9)) -> 0.85047142 | HC23: =IF(OR(HC18="",HC9=""),"",AVERAGE(GW18:HC18,GW9:HC9)) -> 0.84920456 | HD23: =IF(OR(HD18="",HD9=""),"",AVERAGE(HD18,HD9)) -> 0.84134641 | HE23: =IF(OR(HE18="",HE9=""),"",AVERAGE(HD18:HE18,HD9:HE9)) -> 0.84095192 | HF23: =IF(OR(HF18="",HF9=""),"",AVERAGE(HD18:HF18,HD9:HF9)) -> 0.83989535 | HG23: =IF(OR(HG18="",HG9=""),"",AVERAGE(HD18:HG18,HD9:HG9)) -> 0.83922297 | HH23: =IF(OR(HH18="",HH9=""),"",AVERAGE(HD18:HH18,HD9:HH9)) -> 0.83896974 | HI23: =IF(OR(HI18="",HI9=""),"",AVERAGE(HD18:HI18,HD9:HI9)) -> 0.83896974 | HJ23: =IF(OR(HJ18="",HJ9=""),"",AVERAGE(HD18:HJ18,HD9:HJ9)) -> 0.84079723 | HK23: =IF(OR(HK18="",HK9=""),"",AVERAGE(HK18,HK9)) -> 0.8426067 | HL23: =IF(OR(HL18="",HL9=""),"",AVERAGE(HK18:HL18,HK9:HL9)) -> 0.86751433 | HM23: =IF(OR(HM18="",HM9=""),"",AVERAGE(HK18:HM18,HK9:HM9)) -> 0.87563714 | HN23: =IF(OR(HN18="",HN9=""),"",AVERAGE(HK18:HN18,HK9:HN9)) -> 0.87932125 | HO23: =IF(OR(HO18="",HO9=""),"",AVERAGE(HK18:HO18,HK9:HO9)) -> 0.88120341 | HP23: =IF(OR(HP18="",HP9=""),"",AVERAGE(HK18:HP18,HK9:HP9)) -> 0.88209174 | HQ23: =IF(OR(HQ18="",HQ9=""),"",AVERAGE(HK18:HQ18,HK9:HQ9)) -> 0.88253615 | HR23: =IF(OR(HR18="",HR9=""),"",AVERAGE(HR18,HR9)) -> 0.84805537 | HS23: =IF(OR(HS18="",HS9=""),"",AVERAGE(HR18:HS18,HR9:HS9)) -> 0.8646553 | HT23: =IF(OR(HT18="",HT9=""),"",AVERAGE(HR18:HT18,HR9:HT9)) -> 0.87042098 | HU23: =IF(OR(HU18="",HU9=""),"",AVERAGE(HR18:HU18,HR9:HU9)) -> 0.87326331 | HV23: =IF(OR(HV18="",HV9=""),"",AVERAGE(HR18:HV18,HR9:HV9)) -> 0.87494784 | HW23: =IF(OR(HW18="",HW9=""),"",AVERAGE(HR18:HW18,HR9:HW9)) -> 0.87612743 | HX23: =IF(OR(HX18="",HX9=""),"",AVERAGE(HR18:HX18,HR9:HX9)) -> 0.87702545 | HY23: =IF(OR(HY18="",HY9=""),"",AVERAGE(HY18,HY9)) -> 0.85186673 | HZ23: =IF(OR(HZ18="",HZ9=""),"",AVERAGE(HY18:HZ18,HY9:HZ9)) -> 0.8703558 | IA23: =IF(OR(IA18="",IA9=""),"",AVERAGE(HY18:IA18,HY9:IA9)) -> 0.87641329 | IB23: =IF(OR(IB18="",IB9=""),"",AVERAGE(HY18:IB18,HY9:IB9)) -> 0.87939446 | IC23: =IF(OR(IC18="",IC9=""),"",AVERAGE(HY18:IC18,HY9:IC9)) -> 0.88081246 | ID23: =IF(OR(ID18="",ID9=""),"",AVERAGE(HY18:ID18,HY9:ID9)) -> 0.88159555 | IE23: =IF(OR(IE18="",IE9=""),"",AVERAGE(HY18:IE18,HY9:IE9)) -> 0.88209523 | IF23: =IF(OR(IF18="",IF9=""),"",AVERAGE(IF18,IF9)) -> 0.85467815 | IG23: =IF(OR(IG18="",IG9=""),"",AVERAGE(IF18:IG18,IF9:IG9)) -> 0.8686349 | IH23: =IF(OR(IH18="",IH9=""),"",AVERAGE(IF18:IH18,IF9:IH9)) -> 0.87342597 | II23: =IF(OR(II18="",II9=""),"",AVERAGE(IF18:II18,IF9:II9)) -> 0.87592257 | IJ23: =IF(OR(IJ18="",IJ9=""),"",AVERAGE(IF18:IJ18,IF9:IJ9)) -> 0.87751797 | IK23: =IF(OR(IK18="",IK9=""),"",AVERAGE(IF18:IK18,IF9:IK9)) -> 0.87832252 | IL23: =IF(OR(IL18="",IL9=""),"",AVERAGE(IF18:IL18,IF9:IL9)) -> 0.87878971 | IM23: =IF(OR(IM18="",IM9=""),"",AVERAGE(IM18,IM9)) -> 0.85634376 | IN23: =IF(OR(IN18="",IN9=""),"",AVERAGE(IM18:IN18,IM9:IN9)) -> 0.86328631 | IO23: =IF(OR(IO18="",IO9=""),"",AVERAGE(IM18:IO18,IM9:IO9)) -> 0.87016329 | IP23: =IF(OR(IP18="",IP9=""),"",AVERAGE(IM18:IP18,IM9:IP9)) -> 0.87500887 | IQ23: =IF(OR(IQ18="",IQ9=""),"",AVERAGE(IM18:IQ18,IM9:IQ9)) -> 0.87744636 | IR23: =IF(OR(IR18="",IR9=""),"",AVERAGE(IM18:IR18,IM9:IR9)) -> 0.87879353 | IS23: =IF(OR(IS18="",IS9=""),"",AVERAGE(IM18:IS18,IM9:IS9)) -> 0.87967084 | IT23: =IF(OR(IT18="",IT9=""),"",AVERAGE(IT18,IT9)) -> 0.85689693 | IU23: =IF(OR(IU18="",IU9=""),"",AVERAGE(IT18:IU18,IT9:IU9)) -> 0.87189689 | IV23: =IF(OR(IV18="",IV9=""),"",AVERAGE(IT18:IV18,IT9:IV9)) -> 0.87730696 | IW23: =IF(OR(IW18="",IW9=""),"",AVERAGE(IT18:IW18,IT9:IW9)) -> 0.87989548 | IX23: =IF(OR(IX18="",IX9=""),"",AVERAGE(IT18:IX18,IT9:IX9)) -> 0.88088243 | IY23: =IF(OR(IY18="",IY9=""),"",AVERAGE(IT18:IY18,IT9:IY9)) -> 0.88103146 | IZ23: =IF(OR(IZ18="",IZ9=""),"",AVERAGE(IT18:IZ18,IT9:IZ9)) -> 0.88070277 | JA23: =IF(OR(JA18="",JA9=""),"",AVERAGE(JA18,JA9)) -> 0.85504856 | JB23: =IF(OR(JB18="",JB9=""),"",AVERAGE(JA18:JB18,JA9:JB9)) -> 0.85158931 | JC23: =IF(OR(JC18="",JC9=""),"",AVERAGE(JA18:JC18,JA9:JC9)) -> 0.85018099 | JD23: =IF(OR(JD18="",JD9=""),"",AVERAGE(JA18:JD18,JA9:JD9)) -> 0.84942111 | JE23: =IF(OR(JE18="",JE9=""),"",AVERAGE(JA18:JE18,JA9:JE9)) -> 0.84913584 | JF23: =IF(OR(JF18="",JF9=""),"",AVERAGE(JA18:JF18,JA9:JF9)) -> 0.8491643 | JG23: =IF(OR(JG18="",JG9=""),"",AVERAGE(JA18:JG18,JA9:JG9)) -> 0.84935919 | JH23: =IF(OR(JH18="",JH9=""),"",AVERAGE(JH18,JH9)) -> 0.85311884 | JI23: =IF(OR(JI18="",JI9=""),"",AVERAGE(JH18:JI18,JH9:JI9)) -> 0.85875092 | JJ23: =IF(OR(JJ18="",JJ9=""),"",AVERAGE(JH18:JJ18,JH9:JJ9)) -> 0.86116923 | JK23: =IF(OR(JK18="",JK9=""),"",AVERAGE(JH18:JK18,JH9:JK9)) -> 0.86264698 | JL23: =IF(OR(JL18="",JL9=""),"",AVERAGE(JH18:JL18,JH9:JL9)) -> 0.86358432 | JM23: =IF(OR(JM18="",JM9=""),"",AVERAGE(JH18:JM18,JH9:JM9)) -> 0.86417683 | JN23: =IF(OR(JN18="",JN9=""),"",AVERAGE(JH18:JN18,JH9:JN9)) -> 0.86460338 | JO23: =IF(OR(JO18="",JO9=""),"",AVERAGE(JO18,JO9)) -> 0.85310719 | JP23: =IF(OR(JP18="",JP9=""),"",AVERAGE(JO18:JP18,JO9:JP9)) -> 0.86171984 | JQ23: =IF(OR(JQ18="",JQ9=""),"",AVERAGE(JO18:JQ18,JO9:JQ9)) -> 0.86459944 | JR23: =IF(OR(JR18="",JR9=""),"",AVERAGE(JO18:JR18,JO9:JR9)) -> 0.86613249 | JS23: =IF(OR(JS18="",JS9=""),"",AVERAGE(JO18:JS18,JO9:JS9)) -> 0.86747836 | JT23: =IF(OR(JT18="",JT9=""),"",AVERAGE(JO18:JT18,JO9:JT9)) -> 0.86869546 | JU23: =IF(OR(JU18="",JU9=""),"",AVERAGE(JO18:JU18,JO9:JU9)) -> 0.86835192 | JV23: =IF(OR(JV18="",JV9=""),"",AVERAGE(JV18,JV9)) -> 0.8535774 | JW23: =IF(OR(JW18="",JW9=""),"",AVERAGE(JV18:JW18,JV9:JW9)) -> 0.85038702 | JX23: =IF(OR(JX18="",JX9=""),"",AVERAGE(JV18:JX18,JV9:JX9)) -> 0.8516089 | JY23: =IF(OR(JY18="",JY9=""),"",AVERAGE(JV18:JY18,JV9:JY9)) -> 0.85365799 | JZ23: =IF(OR(JZ18="",JZ9=""),"",AVERAGE(JV18:JZ18,JV9:JZ9)) -> 0.85590865 | KA23: =IF(OR(KA18="",KA9=""),"",AVERAGE(JV18:KA18,JV9:KA9)) -> 0.85810578 | KB23: =IF(OR(KB18="",KB9=""),"",AVERAGE(JV18:KB18,JV9:KB9)) -> 0.86000902 | KC23: =IF(OR(KC18="",KC9=""),"",AVERAGE(KC18,KC9)) -> 0.85536289 | KD23: =IF(OR(KD18="",KD9=""),"",AVERAGE(KC18:KD18,KC9:KD9)) -> 0.86956119 | KE23: =IF(OR(KE18="",KE9=""),"",AVERAGE(KC18:KE18,KC9:KE9)) -> 0.87509052 | KF23: =IF(OR(KF18="",KF9=""),"",AVERAGE(KC18:KF18,KC9:KF9)) -> 0.87795301 | KG23: =IF(OR(KG18="",KG9=""),"",AVERAGE(KC18:KG18,KC9:KG9)) -> 0.87980787 | KH23: =IF(OR(KH18="",KH9=""),"",AVERAGE(KC18:KH18,KC9:KH9)) -> 0.88122027 | KI23: =IF(OR(KI18="",KI9=""),"",AVERAGE(KC18:KI18,KC9:KI9)) -> 0.8824021 | KJ23: =IF(OR(KJ18="",KJ9=""),"",AVERAGE(KJ18,KJ9)) -> 0.85818735 | KK23: =IF(OR(KK18="",KK9=""),"",AVERAGE(KJ18:KK18,KJ9:KK9)) -> 0.87712172 | KL23: =IF(OR(KL18="",KL9=""),"",AVERAGE(KJ18:KL18,KJ9:KL9)) -> 0.88344605 | KM23: =IF(OR(KM18="",KM9=""),"",AVERAGE(KJ18:KM18,KJ9:KM9)) -> 0.88669697 | KN23: =IF(OR(KN18="",KN9=""),"",AVERAGE(KJ18:KN18,KJ9:KN9)) -> 0.88878561 | KO23: =IF(OR(KO18="",KO9=""),"",AVERAGE(KJ18:KO18,KJ9:KO9)) -> 0.89031608 | KP23: =IF(OR(KP18="",KP9=""),"",AVERAGE(KJ18:KP18,KJ9:KP9)) -> 0.89153564 | KQ23: =IF(OR(KQ18="",KQ9=""),"",AVERAGE(KQ18,KQ9)) -> 0.86129539 | KR23: =IF(OR(KR18="",KR9=""),"",AVERAGE(KQ18:KR18,KQ9:KR9)) -> 0.88362241 | KS23: =IF(OR(KS18="",KS9=""),"",AVERAGE(KQ18:KS18,KQ9:KS9)) -> 0.89134993 | KT23: =IF(OR(KT18="",KT9=""),"",AVERAGE(KQ18:KT18,KQ9:KT9)) -> 0.89541925 | KU23: =IF(OR(KU18="",KU9=""),"",AVERAGE(KQ18:KU18,KQ9:KU9)) -> 0.89801912 | KV23: =IF(OR(KV18="",KV9=""),"",AVERAGE(KQ18:KV18,KQ9:KV9)) -> 0.89987949 | KW23: =IF(OR(KW18="",KW9=""),"",AVERAGE(KQ18:KW18,KQ9:KW9)) -> 0.90131351 | KX23: =IF(OR(KX18="",KX9=""),"",AVERAGE(KX18,KX9)) | KY23: =IF(OR(KY18="",KY9=""),"",AVERAGE(KX18:KY18,KX9:KY9)) | KZ23: =IF(OR(KZ18="",KZ9=""),"",AVERAGE(KX18:KZ18,KX9:KZ9)) | LA23: =IF(OR(LA18="",LA9=""),"",AVERAGE(KX18:LA18,KX9:LA9)) | LB23: =IF(OR(LB18="",LB9=""),"",AVERAGE(KX18:LB18,KX9:LB9)) | LC23: =IF(OR(LC18="",LC9=""),"",AVERAGE(KX18:LC18,KX9:LC9)) | LD23: =IF(OR(LD18="",LD9=""),"",AVERAGE(KX18:LD18,KX9:LD9)) | LE23: =IF(OR(LE18="",LE9=""),"",AVERAGE(LE18,LE9)) | LF23: =IF(OR(LF18="",LF9=""),"",AVERAGE(LE18:LF18,LE9:LF9)) | LG23: =IF(OR(LG18="",LG9=""),"",AVERAGE(LE18:LG18,LE9:LG9)) | LH23: =IF(OR(LH18="",LH9=""),"",AVERAGE(LE18:LH18,LE9:LH9)) | LI23: =IF(OR(LI18="",LI9=""),"",AVERAGE(LE18:LI18,LE9:LI9)) | LJ23: =IF(OR(LJ18="",LJ9=""),"",AVERAGE(LE18:LJ18,LE9:LJ9)) | LK23: =IF(OR(LK18="",LK9=""),"",AVERAGE(LE18:LK18,LE9:LK9)) | LL23: =IF(OR(LL18="",LL9=""),"",AVERAGE(LL18,LL9)) | LM23: =IF(OR(LM18="",LM9=""),"",AVERAGE(LL18:LM18,LL9:LM9)) | LN23: =IF(OR(LN18="",LN9=""),"",AVERAGE(LL18:LN18,LL9:LN9)) | LO23: =IF(OR(LO18="",LO9=""),"",AVERAGE(LL18:LO18,LL9:LO9)) | LP23: =IF(OR(LP18="",LP9=""),"",AVERAGE(LL18:LP18,LL9:LP9)) | LQ23: =IF(OR(LQ18="",LQ9=""),"",AVERAGE(LL18:LQ18,LL9:LQ9)) | LR23: =IF(OR(LR18="",LR9=""),"",AVERAGE(LL18:LR18,LL9:LR9)) | LS23: =IF(OR(LS18="",LS9=""),"",AVERAGE(LS18,LS9)) | LT23: =IF(OR(LT18="",LT9=""),"",AVERAGE(LS18:LT18,LS9:LT9)) | LU23: =IF(OR(LU18="",LU9=""),"",AVERAGE(LS18:LU18,LS9:LU9)) | LV23: =IF(OR(LV18="",LV9=""),"",AVERAGE(LS18:LV18,LS9:LV9)) | LW23: =IF(OR(LW18="",LW9=""),"",AVERAGE(LS18:LW18,LS9:LW9)) | LX23: =IF(OR(LX18="",LX9=""),"",AVERAGE(LS18:LX18,LS9:LX9)) | LY23: =IF(OR(LY18="",LY9=""),"",AVERAGE(LS18:LY18,LS9:LY9)) | LZ23: =IF(OR(LZ18="",LZ9=""),"",AVERAGE(LZ18,LZ9)) | MA23: =IF(OR(MA18="",MA9=""),"",AVERAGE(LZ18:MA18,LZ9:MA9)) | MB23: =IF(OR(MB18="",MB9=""),"",AVERAGE(LZ18:MB18,LZ9:MB9)) | MC23: =IF(OR(MC18="",MC9=""),"",AVERAGE(LZ18:MC18,LZ9:MC9)) | MD23: =IF(OR(MD18="",MD9=""),"",AVERAGE(LZ18:MD18,LZ9:MD9)) | ME23: =IF(OR(ME18="",ME9=""),"",AVERAGE(LZ18:ME18,LZ9:ME9)) | MF23: =IF(OR(MF18="",MF9=""),"",AVERAGE(LZ18:MF18,LZ9:MF9)) | MG23: =IF(OR(MG18="",MG9=""),"",AVERAGE(MG18,MG9)) | MH23: =IF(OR(MH18="",MH9=""),"",AVERAGE(MG18:MH18,MG9:MH9)) | MI23: =IF(OR(MI18="",MI9=""),"",AVERAGE(MG18:MI18,MG9:MI9)) | MJ23: =IF(OR(MJ18="",MJ9=""),"",AVERAGE(MG18:MJ18,MG9:MJ9)) | MK23: =IF(OR(MK18="",MK9=""),"",AVERAGE(MG18:MK18,MG9:MK9)) | ML23: =IF(OR(ML18="",ML9=""),"",AVERAGE(MG18:ML18,MG9:ML9)) | MM23: =IF(OR(MM18="",MM9=""),"",AVERAGE(MG18:MM18,MG9:MM9)) | MN23: =IF(OR(MN18="",MN9=""),"",AVERAGE(MN18,MN9)) | MO23: =IF(OR(MO18="",MO9=""),"",AVERAGE(MN18:MO18,MN9:MO9)) | MP23: =IF(OR(MP18="",MP9=""),"",AVERAGE(MN18:MP18,MN9:MP9)) | MQ23: =IF(OR(MQ18="",MQ9=""),"",AVERAGE(MN18:MQ18,MN9:MQ9)) | MR23: =IF(OR(MR18="",MR9=""),"",AVERAGE(MN18:MR18,MN9:MR9)) | MS23: =IF(OR(MS18="",MS9=""),"",AVERAGE(MN18:MS18,MN9:MS9)) | MT23: =IF(OR(MT18="",MT9=""),"",AVERAGE(MN18:MT18,MN9:MT9)) | MU23: =IF(OR(MU18="",MU9=""),"",AVERAGE(MU18,MU9)) | MV23: =IF(OR(MV18="",MV9=""),"",AVERAGE(MU18:MV18,MU9:MV9)) | MW23: =IF(OR(MW18="",MW9=""),"",AVERAGE(MU18:MW18,MU9:MW9)) | MX23: =IF(OR(MX18="",MX9=""),"",AVERAGE(MU18:MX18,MU9:MX9)) | MY23: =IF(OR(MY18="",MY9=""),"",AVERAGE(MU18:MY18,MU9:MY9)) | MZ23: =IF(OR(MZ18="",MZ9=""),"",AVERAGE(MU18:MZ18,MU9:MZ9)) | NA23: =IF(OR(NA18="",NA9=""),"",AVERAGE(MU18:NA18,MU9:NA9)) | NB23: =IF(OR(NB18="",NB9=""),"",AVERAGE(NB18,NB9)) | NC23: =IF(OR(NC18="",NC9=""),"",AVERAGE(NB18:NC18,NB9:NC9)) | ND23: =IF(OR(ND18="",ND9=""),"",AVERAGE(NB18:ND18,NB9:ND9)) | NE23: =IF(OR(NE18="",NE9=""),"",AVERAGE(NB18:NE18,NB9:NE9)) | NF23: =IF(OR(NF18="",NF9=""),"",AVERAGE(NB18:NF18,NB9:NF9)) | NG23: =IF(OR(NG18="",NG9=""),"",AVERAGE(NB18:NG18,NB9:NG9)) | NH23: =IF(OR(NH18="",NH9=""),"",AVERAGE(NB18:NH18,NB9:NH9)) | NI23: =IF(OR(NI18="",NI9=""),"",AVERAGE(NI18,NI9)) | NJ23: =IF(OR(NJ18="",NJ9=""),"",AVERAGE(NI18:NJ18,NI9:NJ9)) | NK23: =IF(OR(NK18="",NK9=""),"",AVERAGE(NI18:NK18,NI9:NK9)) | NL23: =IF(OR(NL18="",NL9=""),"",AVERAGE(NI18:NL18,NI9:NL9)) | NM23: =IF(OR(NM18="",NM9=""),"",AVERAGE(NI18:NM18,NI9:NM9)) | NN23: =IF(OR(NN18="",NN9=""),"",AVERAGE(NI18:NN18,NI9:NN9)) | NO23: =IF(OR(NO18="",NO9=""),"",AVERAGE(NI18:NO18,NI9:NO9)) | NP23: =IF(OR(NP18="",NP9=""),"",AVERAGE(NP18,NP9)) | NQ23: =IF(OR(NQ18="",NQ9=""),"",AVERAGE(NP18:NQ18,NP9:NQ9)) | NR23: =IF(OR(NR18="",NR9=""),"",AVERAGE(NP18:NR18,NP9:NR9)) | NS23: =IF(OR(NS18="",NS9=""),"",AVERAGE(NP18:NS18,NP9:NS9)) | NT23: =IF(OR(NT18="",NT9=""),"",AVERAGE(NP18:NT18,NP9:NT9)) | NU23: =IF(OR(NU18="",NU9=""),"",AVERAGE(NP18:NU18,NP9:NU9)) | NV23: =IF(OR(NV18="",NV9=""),"",AVERAGE(NP18:NV18,NP9:NV9)) | NW23: =IF(OR(NW18="",NW9=""),"",AVERAGE(NW18,NW9)) | NX23: =IF(OR(NX18="",NX9=""),"",AVERAGE(NW18:NX18,NW9:NX9)) | NY23: =IF(OR(NY18="",NY9=""),"",AVERAGE(NW18:NY18,NW9:NY9)) | NZ23: =IF(OR(NZ18="",NZ9=""),"",AVERAGE(NW18:NZ18,NW9:NZ9)) | OA23: =IF(OR(OA18="",OA9=""),"",AVERAGE(NW18:OA18,NW9:OA9)) | OB23: =IF(OR(OB18="",OB9=""),"",AVERAGE(NW18:OB18,NW9:OB9)) | OC23: =IF(OR(OC18="",OC9=""),"",AVERAGE(NW18:OC18,NW9:OC9)) | OD23: =IF(OR(OD18="",OD9=""),"",AVERAGE(OD18,OD9)) | OE23: =IF(OR(OE18="",OE9=""),"",AVERAGE(OD18:OE18,OD9:OE9)) | OF23: =IF(OR(OF18="",OF9=""),"",AVERAGE(OD18:OF18,OD9:OF9)) | OG23: =IF(OR(OG18="",OG9=""),"",AVERAGE(OD18:OG18,OD9:OG9)) | OH23: =IF(OR(OH18="",OH9=""),"",AVERAGE(OD18:OH18,OD9:OH9)) | OI23: =IF(OR(OI18="",OI9=""),"",AVERAGE(OD18:OI18,OD9:OI9)) | OJ23: =IF(OR(OJ18="",OJ9=""),"",AVERAGE(OD18:OJ18,OD9:OJ9)) | OK23: =IF(OR(OK18="",OK9=""),"",AVERAGE(OK18,OK9)) | OL23: =IF(OR(OL18="",OL9=""),"",AVERAGE(OK18:OL18,OK9:OL9)) | OM23: =IF(OR(OM18="",OM9=""),"",AVERAGE(OK18:OM18,OK9:OM9)) | ON23: =IF(OR(ON18="",ON9=""),"",AVERAGE(OK18:ON18,OK9:ON9)) | OO23: =IF(OR(OO18="",OO9=""),"",AVERAGE(OK18:OO18,OK9:OO9)) | OP23: =IF(OR(OP18="",OP9=""),"",AVERAGE(OK18:OP18,OK9:OP9)) | OQ23: =IF(OR(OQ18="",OQ9=""),"",AVERAGE(OK18:OQ18,OK9:OQ9)) | OR23: =IF(OR(OR18="",OR9=""),"",AVERAGE(OR18,OR9)) | OS23: =IF(OR(OS18="",OS9=""),"",AVERAGE(OR18:OS18,OR9:OS9)) | OT23: =IF(OR(OT18="",OT9=""),"",AVERAGE(OR18:OT18,OR9:OT9)) | OU23: =IF(OR(OU18="",OU9=""),"",AVERAGE(OR18:OU18,OR9:OU9)) | OV23: =IF(OR(OV18="",OV9=""),"",AVERAGE(OR18:OV18,OR9:OV9)) | OW23: =IF(OR(OW18="",OW9=""),"",AVERAGE(OR18:OW18,OR9:OW9)) | OX23: =IF(OR(OX18="",OX9=""),"",AVERAGE(OR18:OX18,OR9:OX9)) | OY23: =IF(OR(OY18="",OY9=""),"",AVERAGE(OT18:OY18,OT9:OY9)) | OZ23: =IF(OR(OZ18="",OZ9=""),"",AVERAGE(OT18:OZ18,OT9:OZ9))
A24: =ISODD(B24) -> TRUE | B24: 21 | C24: =C22 -> Mechanical Availability | D24: =D22 -> 777 Optiload | E24: Overall MTD | F24: =IF(OR(F19="",F10=""),"",AVERAGE(F19,F10)) -> 1 | G24: =IF(OR(G19="",G10=""),"",AVERAGE(G19,G10)) -> 0.8590625 | H24: =IF(OR(H19="",H10=""),"",AVERAGE(H19,H10)) -> 0.89567708 | I24: =IF(OR(I19="",I10=""),"",AVERAGE(I19,I10)) -> 0.92175781 | J24: =IF(OR(J19="",J10=""),"",AVERAGE(J19,J10)) -> 0.90540625 | K24: =IF(OR(K19="",K10=""),"",AVERAGE(K19,K10)) -> 0.90628819 | L24: =IF(OR(L19="",L10=""),"",AVERAGE(L19,L10)) -> 0.91149405 | M24: =IF(OR(M19="",M10=""),"",AVERAGE(M19,M10)) -> 0.8893151 | ... OZ24: =IF(OR(OZ19="",OZ10=""),"",AVERAGE(OZ19,OZ10))
A25: =ISODD(B25) -> FALSE | B25: 22 | C25: =C24 -> Mechanical Availability | D25: =D24 -> 777 Optiload | E25: Overall YTD | F25: =IF(OR(F20="",F11=""),"",AVERAGE(F20,F11)) -> 1 | G25: =IF(OR(G20="",G11=""),"",AVERAGE(G20,G11)) -> 0.8590625 | H25: =IF(OR(H20="",H11=""),"",AVERAGE(H20,H11)) -> 0.89567708 | I25: =IF(OR(I20="",I11=""),"",AVERAGE(I20,I11)) -> 0.92175781 | J25: =IF(OR(J20="",J11=""),"",AVERAGE(J20,J11)) -> 0.90540625 | K25: =IF(OR(K20="",K11=""),"",AVERAGE(K20,K11)) -> 0.90628819 | L25: =IF(OR(L20="",L11=""),"",AVERAGE(L20,L11)) -> 0.91149405 | M25: =IF(OR(M20="",M11=""),"",AVERAGE(M20,M11)) -> 0.8893151 | ... OZ25: =IF(OR(OZ20="",OZ11=""),"",AVERAGE(OZ20,OZ11))
A26: =ISODD(B26) -> TRUE | B26: 23 | C26: =C25 -> Mechanical Availability | D26: =D25 -> 777 Optiload | E26: Quota Monthly (hrs) | F26: =IF(OR(F21="",F12=""),"",SUM(F21,F12)) -> 25.488 | G26: =IF(OR(G21="",G12=""),"",SUM(G21,G12)) -> -3.144 | H26: =IF(OR(H21="",H12=""),"",SUM(H21,H12)) -> 15.894 | I26: =IF(OR(I21="",I12=""),"",SUM(I21,I12)) -> 41.382 | J26: =IF(OR(J21="",J12=""),"",SUM(J21,J12)) -> 36.15 | K26: =IF(OR(K21="",K12=""),"",SUM(K21,K12)) -> 43.048 | L26: =IF(OR(L21="",L12=""),"",SUM(L21,L12)) -> 57.246 | M26: =IF(OR(M21="",M12=""),"",SUM(M21,M12)) -> 26.374 | ... OZ26: =IF(OR(OZ21="",OZ12=""),"",SUM(OZ21,OZ12))
A27: =ISODD(B27) -> FALSE | B27: 24 | C27: =C26 -> Mechanical Availability | D27: =D26 -> 777 Optiload | E27: Quota Daily (hrs) | F27: =IF(OR(F22="",F13=""),"",SUM(F22,F13)) -> 25.488 | G27: =IF(OR(G22="",G13=""),"",SUM(G22,G13)) -> -28.632 | H27: =IF(OR(H22="",H13=""),"",SUM(H22,H13)) -> 19.038 | I27: =IF(OR(I22="",I13=""),"",SUM(I22,I13)) -> 25.488 | J27: =IF(OR(J22="",J13=""),"",SUM(J22,J13)) -> -5.232 | K27: =IF(OR(K22="",K13=""),"",SUM(K22,K13)) -> 6.898 | L27: =IF(OR(L22="",L13=""),"",SUM(L22,L13)) -> 14.198 | M27: =IF(OR(M22="",M13=""),"",SUM(M22,M13)) -> -30.872 | ... OZ27: =IF(OR(OZ22="",OZ13=""),"",SUM(OZ22,OZ13))

Sheet Sheet1
B2: MA Weekly Monitoring | C2: W36
B3: 777E Expro
B4: 777 Optiload

Sheet Report
C2: Model | D2: =TODAY()-7 -> 46299 | E2: =TODAY()-6 -> 46300 | F2: =TODAY()-5 -> 46301 | G2: =TODAY()-4 -> 46302 | H2: =TODAY()-3 -> 46303 | I2: =TODAY()-2 -> 46304 | J2: =TODAY()-1 -> 46305
B3: 777 Expro | C3: MA | D3: =HLOOKUP(D$2,Overall!$3:$28,8,0)*100 -> 79.223206 | E3: =HLOOKUP(E$2,Overall!$3:$28,8,0)*100 -> 82.998565 | F3: =HLOOKUP(F$2,Overall!$3:$28,8,0)*100 -> 85.212693 | G3: =HLOOKUP(G$2,Overall!$3:$28,8,0)*100 -> 87.051356 | H3: =HLOOKUP(H$2,Overall!$3:$28,8,0)*100 -> 88.669936 | I3: =HLOOKUP(I$2,Overall!$3:$28,8,0)*100 -> 89.558462 | J3: =HLOOKUP(J$2,Overall!$3:$28,8,0)*100 -> 88.602616
C4: YTD | D4: =HLOOKUP(D$2,Overall!$3:$29,9,0)*100 -> 85.980322 | E4: =HLOOKUP(E$2,Overall!$3:$29,9,0)*100 -> 86.023918 | F4: =HLOOKUP(F$2,Overall!$3:$29,9,0)*100 -> 86.06069 | G4: =HLOOKUP(G$2,Overall!$3:$29,9,0)*100 -> 86.103628 | H4: =HLOOKUP(H$2,Overall!$3:$29,9,0)*100 -> 86.153082 | I4: =HLOOKUP(I$2,Overall!$3:$29,9,0)*100 -> 86.190364 | J4: =HLOOKUP(J$2,Overall!$3:$29,9,0)*100 -> 86.16849
B5: 777 Optiload | C5: MA | D5: =HLOOKUP(D$2,Overall!$3:$28,17,0)*100 -> 90.601562 | E5: =HLOOKUP(E$2,Overall!$3:$28,17,0)*100 -> 90.102083 | F5: =HLOOKUP(F$2,Overall!$3:$28,17,0)*100 -> 89.414931 | G5: =HLOOKUP(G$2,Overall!$3:$28,17,0)*100 -> 90.331845 | H5: =HLOOKUP(H$2,Overall!$3:$28,17,0)*100 -> 91.540365 | I5: =HLOOKUP(I$2,Overall!$3:$28,17,0)*100 -> 92.480324 | J5: =HLOOKUP(J$2,Overall!$3:$28,17,0)*100 -> 93.232292
C6: YTD | D6: =HLOOKUP(D$2,Overall!$3:$30,18,0)*100 -> 88.202343 | E6: =HLOOKUP(E$2,Overall!$3:$30,18,0)*100 -> 88.201989 | F6: =HLOOKUP(F$2,Overall!$3:$30,18,0)*100 -> 88.194022 | G6: =HLOOKUP(G$2,Overall!$3:$30,18,0)*100 -> 88.221306 | H6: =HLOOKUP(H$2,Overall!$3:$30,18,0)*100 -> 88.263223 | I6: =HLOOKUP(I$2,Overall!$3:$30,18,0)*100 -> 88.304842 | J6: =HLOOKUP(J$2,Overall!$3:$30,18,0)*100 -> 88.346168
B7: Overall | C7: MA | D7: =HLOOKUP(D$2,Overall!$3:$28,22,0)*100 -> 84.912384 | E7: =HLOOKUP(E$2,Overall!$3:$28,22,0)*100 -> 86.550324 | F7: =HLOOKUP(F$2,Overall!$3:$28,22,0)*100 -> 87.313812 | G7: =HLOOKUP(G$2,Overall!$3:$28,22,0)*100 -> 88.691601 | H7: =HLOOKUP(H$2,Overall!$3:$28,22,0)*100 -> 90.10515 | I7: =HLOOKUP(I$2,Overall!$3:$28,22,0)*100 -> 91.019393 | J7: =HLOOKUP(J$2,Overall!$3:$28,22,0)*100 -> 90.917454
B8: MA Target | C8: MA Target (%) | D8: 88 | E8: 88 | F8: 88 | G8: 88 | H8: 88 | I8: 88 | J8: 88
B9: 777 Expro | C9: Quota Down (hrs) | D9: =HLOOKUP(D$2,Overall!3:53,10,0) -> -43.088611 | E9: =HLOOKUP(E$2,Overall!3:53,10,0) -> -31.208611 | F9: =HLOOKUP(F$2,Overall!3:53,10,0) -> -21.508611 | G9: =HLOOKUP(G$2,Overall!3:53,10,0) -> -9.6486111 | H9: =HLOOKUP(H$2,Overall!3:53,10,0) -> 4.5113889 | I9: =HLOOKUP(I$2,Overall!3:53,10,0) -> 14.671389 | J9: =HLOOKUP(J$2,Overall!3:53,10,0) -> 4.8313889
B10: 777 Optiload | C10: Quota Down (hrs) | D10: =HLOOKUP(D$2,Overall!3:22,19,0) -> 9.222 | E10: =HLOOKUP(E$2,Overall!3:22,19,0) -> 9.13 | F10: =HLOOKUP(F$2,Overall!3:22,19,0) -> 6.998 | G10: =HLOOKUP(G$2,Overall!3:22,19,0) -> 14.326 | H10: =HLOOKUP(H$2,Overall!3:22,19,0) -> 25.654 | I10: =HLOOKUP(I$2,Overall!3:22,19,0) -> 36.982 | J10: =HLOOKUP(J$2,Overall!3:22,19,0) -> 48.31
B11: Overall | C11: Quota Down (hrs) | D11: =HLOOKUP(D$2,Overall!3:28,24,0) -> -33.866611 | E11: =HLOOKUP(E$2,Overall!3:28,24,0) -> -22.078611 | F11: =HLOOKUP(F$2,Overall!3:28,24,0) -> -14.510611 | G11: =HLOOKUP(G$2,Overall!3:28,24,0) -> 4.6773889 | H11: =HLOOKUP(H$2,Overall!3:28,24,0) -> 30.165389 | I11: =HLOOKUP(I$2,Overall!3:28,24,0) -> 51.653389 | J11: =HLOOKUP(J$2,Overall!3:28,24,0) -> 53.141389
C13: =TEXT(TODAY()-1,"DD-MMM-YY") -> 10-Oct-26
C14: =C16&" Rental OHT "&C13 -> MA Rental OHT 10-Oct-26
C15: Model | D15: =B3 -> 777 Expro | E15: =B5 -> 777 Optiload | F15: =B7 -> Overall
C16: MA | D16: =I3/100 -> 0.89558462 | E16: =J5/100 -> 0.93232292 | F16: =I7/100 -> 0.91019393
C17: Target | D17: 0.88 | E17: 0.88 | F17: 0.88
C19: MA Rental OHT April 2026
C20: Model | D20: =D15 -> 777 Expro | E20: =E15 -> 777 Optiload | F20: Overall
C21: MA | D21: =VLOOKUP(D$20,$B$2:$H$7,6,0)/100 -> 0.87051356 | E21: =VLOOKUP(E$20,$B$2:$H$7,6,0)/100 -> 0.90331845 | F21: =VLOOKUP(F$20,$B$2:$H$7,6,0)/100 -> 0.88691601
C22: Target | D22: 0.88 | E22: 0.88 | F22: 0.88
D40: 140 | E40: =24*11 -> 264 | F40: =D40/E40 -> 0.53030303
F45: 24 | G45: =400/F45 -> 16.666667
F47: 400 | G47: =24*11 -> 264

Sheet All Fleet
A1: 2 | B1: Machine Runs | C1: 1 | D1: 1 | E1: 1 | F1: 1 | G1: 1 | H1: 1 | I1: 1 | J1: 1 | K1: 1 | L1: 1 | M1: 1 | N1: 1 | O1: 1 | P1: 1 | Q1: 1 | R1: 1 | S1: 1 | T1: 1 | U1: 1 | V1: 1 | W1: 1 | X1: 1 | Y1: 1 | Z1: 1 | AA1: 1 | AB1: 1 | AC1: 1 | AD1: 1 | AE1: 1 | AF1: 1 | AG1: 1 | AH1: 1 | AI1: 1 | AJ1: 1 | AK1: 1 | AL1: 1 | AM1: 1 | AN1: 1 | AO1: 1 | AP1: 1 | AQ1: 1 | AR1: 1 | AS1: 1 | AT1: 1 | AU1: 1 | AV1: 1 | AW1: 1 | AX1: 1 | AY1: 1 | AZ1: 1 | BA1: 1 | BB1: 1 | BC1: 1 | BD1: 1 | BE1: 1 | BF1: 1 | BG1: 1 | BH1: 1 | BI1: 1 | BJ1: 1 | BK1: 1 | BL1: 1 | BM1: 1 | BN1: 1 | BO1: 1 | BP1: 1 | BQ1: 1 | BR1: 1 | BS1: 1 | BT1: 1 | BU1: 1 | BV1: 1 | BW1: 1 | BX1: 1 | BY1: 1 | BZ1: 1 | CA1: 1 | CB1: 1 | CC1: 1 | CD1: 1 | CE1: 1 | CF1: 1 | CG1: 1 | CH1: 1 | CI1: 1 | CJ1: 1 | CK1: 1 | CL1: 1 | CM1: 1 | CN1: 1 | CO1: 1 | CP1: 1 | CQ1: 1 | CR1: 1 | CS1: 1 | CT1: 1 | CU1: 1 | CV1: 1 | CW1: 1 | CX1: 1 | CY1: 1 | CZ1: 1 | DA1: 1 | DB1: 1 | DC1: 1 | DD1: 1 | DE1: 1 | DF1: 1 | DG1: 1 | DH1: 1 | DI1: 1 | DJ1: 1 | DK1: 1 | DL1: 1 | DM1: 1 | DN1: 1 | DO1: 1 | DP1: 1 | DQ1: 1 | DR1: 1 | DS1: 1 | DT1: 1 | DU1: 1 | DV1: 1 | DW1: 1 | DX1: 1 | DY1: 1 | DZ1: 1 | EA1: 1 | EB1: 1 | EC1: 1 | ED1: 1 | EE1: 1 | EF1: 1 | EG1: 1 | EH1: 1 | EI1: 1 | EJ1: 1 | EK1: 1 | EL1: 1 | EM1: 1 | EN1: 1 | EO1: 1 | EP1: 1 | EQ1: 1 | ER1: 1 | ES1: 1 | ET1: 1 | EU1: 1 | EV1: 1 | EW1: 1 | EX1: 1 | EY1: 1 | EZ1: 1 | FA1: 1 | FB1: 1 | FC1: 1 | FD1: 1 | FE1: 1 | FF1: 1 | FG1: 1 | FH1: 1 | FI1: 1 | FJ1: 1 | FK1: 1 | FL1: 1 | FM1: 1 | FN1: 1 | FO1: 1 | FP1: 1 | FQ1: 1 | FR1: 1 | FS1: 1 | FT1: 1 | FU1: 1 | FV1: 1 | FW1: 1 | FX1: 1 | FY1: 1 | FZ1: 1 | GA1: 1 | GB1: 1 | GC1: 1 | GD1: 1 | GE1: 1 | GF1: 1 | GG1: 1 | GH1: 1 | GI1: 1 | GJ1: 1 | GK1: 1 | GL1: 1 | GM1: 1 | GN1: 1 | GO1: 1 | GP1: 1 | GQ1: 1 | GR1: 1 | GS1: 1 | GT1: 1 | GU1: 1 | GV1: 1 | GW1: 1 | GX1: 1 | GY1: 1 | GZ1: 1 | HA1: 1 | HB1: 1 | HC1: 1 | HD1: 1 | HE1: 1 | HF1: 1 | HG1: 1 | HH1: 1 | HI1: 1 | HJ1: 1 | HK1: 1 | HL1: 1 | HM1: 1 | HN1: 1 | HO1: 1 | HP1: 1 | HQ1: 1 | HR1: 1 | HS1: 1 | HT1: 1 | HU1: 1 | HV1: 1 | HW1: 1 | HX1: 1 | HY1: 1 | HZ1: 1 | IA1: 1 | IB1: 1 | IC1: 1 | ID1: 1 | IE1: 1 | IF1: 1 | IG1: 1 | IH1: 1 | II1: 1 | IJ1: 1 | IK1: 1 | IL1: 1 | IM1: 1 | IN1: 1 | IO1: 1 | IP1: 1 | IQ1: 1 | IR1: 1 | IS1: 1 | IT1: 1 | IU1: 1 | IV1: 1 | IW1: 1 | IX1: 1 | IY1: 1 | IZ1: 1 | JA1: 1 | JB1: 1 | JC1: 1 | JD1: 1 | JE1: 1 | JF1: 1 | JG1: 1 | JH1: 1 | JI1: 1 | JJ1: 1 | JK1: 1 | JL1: 1 | JM1: 1 | JN1: 1 | JO1: 1 | JP1: 1 | JQ1: 1 | JR1: 1 | JS1: 1 | JT1: 1 | JU1: 1 | JV1: 1 | JW1: 1 | JX1: 1 | JY1: 1 | JZ1: 1 | KA1: 1 | KB1: 1 | KC1: 1 | KD1: 1 | KE1: 1 | KF1: 1 | KG1: 1 | KH1: 1 | KI1: 1 | KJ1: 1 | KK1: 1 | KL1: 1 | KM1: 1 | KN1: 1 | KO1: 1 | KP1: 1 | KQ1: 1 | KR1: 1 | KS1: 1 | KT1: 1 | KU1: 1 | KV1: 1 | KW1: 1 | KX1: 1 | KY1: 1 | KZ1: 1 | LA1: 1 | LB1: 1 | LC1: 1 | LD1: 1 | LE1: 1 | LF1: 1 | LG1: 1 | LH1: 1 | LI1: 1 | LJ1: 1 | LK1: 1 | LL1: 1 | LM1: 1 | LN1: 1 | LO1: 1 | LP1: 1 | LQ1: 1 | LR1: 1 | LS1: 1 | LT1: 1 | LU1: 1 | LV1: 1 | LW1: 1 | LX1: 1 | LY1: 1 | LZ1: 1 | MA1: 1 | MB1: 1 | MC1: 1 | MD1: 1 | ME1: 1 | MF1: 1 | MG1: 1 | MH1: 1 | MI1: 1 | MJ1: 1 | MK1: 1 | ML1: 1 | MM1: 1 | MN1: 1 | MO1: 1 | MP1: 1 | MQ1: 1 | MR1: 1 | MS1: 1 | MT1: 1 | MU1: 1 | MV1: 1 | MW1: 1 | MX1: 1 | MY1: 1 | MZ1: 1 | NA1: 1 | NB1: 1 | NC1: 1 | ND1: 1 | NE1: 1 | NF1: 1 | NG1: 1 | NH1: 1 | NI1: 1 | NJ1: 1 | NK1: 1 | NL1: 1 | NM1: 1 | NN1: 1 | NO1: 1 | NP1: 1 | NQ1: 1 | NR1: 1 | NS1: 1 | NT1: 1 | NU1: 1 | NV1: 1 | NW1: 1 | NX1: 1 | NY1: 1 | NZ1: 1 | OA1: 1 | OB1: 1 | OC1: 1 | OD1: 1 | OE1: 1 | OF1: 1 | OG1: 1 | OH1: 1 | OI1: 1 | OJ1: 1 | OK1: 1 | OL1: 1 | OM1: 1 | ON1: 1 | OO1: 1 | OP1: 1 | OQ1: 1 | OR1: 1 | OS1: 1 | OT1: 1 | OU1: 1 | OV1: 1 | OW1: 1 | OX1: 1 | OY1: 1 | OZ1: 1 | PA1: 1 | PB1: 1 | PC1: 1 | PD1: 1 | PE1: 1 | PF1: 1 | PG1: 1 | PH1: 1 | PI1: 1 | PJ1: 1 | PK1: 1 | PL1: 1 | PM1: 1 | PN1: 1 | PO1: 2 | PP1: 3 | PQ1: 4 | PR1: 5 | PS1: 6 | PT1: 7 | PU1: 8 | PV1: 9 | PW1: 10 | PX1: 11 | PY1: 12 | PZ1: 13 | QA1: 14 | QB1: 15 | QC1: 16 | QD1: 17 | QE1: 18 | QF1: 19 | QG1: 20 | QH1: 21 | QI1: 22 | QJ1: 23 | QK1: 24 | QL1: 25 | QM1: 26 | QN1: 27 | QO1: 1 | QP1: 1 | QQ1: 1 | QR1: 1 | QS1: 1 | QT1: 2 | QU1: 3 | QV1: 4 | QW1: 5 | QX1: 6 | QY1: 7 | QZ1: 8 | RA1: 9 | RB1: 10 | RC1: 11 | RD1: 12 | RE1: 13 | RF1: 14 | RG1: 15 | RH1: 16 | RI1: 17 | RJ1: 18 | RK1: 19 | RL1: 20 | RM1: 21 | RN1: 22 | RO1: 23 | RP1: 24 | RQ1: 25 | RR1: 26 | RS1: 1 | RT1: 1 | RU1: 1 | RV1: 1 | RW1: 1 | RX1: 2 | RY1: 3 | RZ1: 4 | SA1: 5 | SB1: 6 | SC1: 7 | SD1: 8 | SE1: 9 | SF1: 10 | SG1: 11 | SH1: 12 | SI1: 13 | SJ1: 14 | SK1: 15 | SL1: 16 | SM1: 17 | SN1: 18 | SO1: 19 | SP1: 20 | SQ1: 21 | SR1: 22 | SS1: 23 | ST1: 24 | SU1: 25 | SV1: 26 | SW1: 27
A2: =A1*$AK$1 -> 2 | B2: 46023 | C2: 1 | D2: =C2+1 -> 2 | E2: =D2+1 -> 3 | F2: =E2+1 -> 4 | G2: =F2+1 -> 5 | H2: =G2+1 -> 6 | I2: =H2+1 -> 7 | J2: =I2+1 -> 8 | K2: =J2+1 -> 9 | ... SW2: =SV2+1 -> 515
A3: =1-(A1*$AK$1/(24*$AK$1)) -> 0.91666667 | B3: KPI | C3: 46023 | D3: =C3+1 -> 46024 | E3: 46025 | F3: 46026 | G3: 46027 | H3: 46028 | I3: 46029 | J3: 46030 | K3: 46031 | L3: 46032 | M3: 46033 | N3: 46034 | O3: 46035 | P3: 46036 | Q3: 46037 | R3: 46038 | S3: 46039 | T3: 46040 | U3: 46041 | V3: 46042 | W3: 46043 | X3: 46044 | Y3: 46045 | Z3: 46046 | AA3: 46047 | AB3: 46048 | AC3: 46049 | AD3: 46050 | AE3: 46051 | AF3: 46052 | AG3: 46053 | AH3: 46054 | AI3: 46055 | AJ3: 46056 | AK3: 46057 | AL3: 46058 | AM3: 46059 | AN3: 46060 | AO3: 46061 | AP3: 46062 | AQ3: 46063 | AR3: 46064 | AS3: 46065 | AT3: 46066 | AU3: 46067 | AV3: 46068 | AW3: 46069 | AX3: 46070 | AY3: 46071 | AZ3: 46072 | BA3: 46073 | BB3: 46074 | BC3: 46075 | BD3: 46076 | BE3: 46077 | BF3: 46078 | BG3: 46079 | BH3: 46080 | BI3: 46081 | BJ3: =BI3+1 -> 46082 | BK3: =BJ3+1 -> 46083 | BL3: =BK3+1 -> 46084 | BM3: =BL3+1 -> 46085 | BN3: =BM3+1 -> 46086 | BO3: =BN3+1 -> 46087 | BP3: =BO3+1 -> 46088 | BQ3: =BP3+1 -> 46089 | ... CL3: =CK3+1 -> 46110 | CM3: 46111 | CN3: =CM3+1 -> 46112 | CO3: 46113 | CP3: =CO3+1 -> 46114 | CQ3: =CP3+1 -> 46115 | CR3: =CQ3+1 -> 46116 | CS3: =CR3+1 -> 46117 | CT3: =CS3+1 -> 46118 | CU3: =CT3+1 -> 46119 | CV3: =CU3+1 -> 46120 | CW3: =CV3+1 -> 46121 | ... SW3: =SV3+1 -> 46537
B4: Sched Hrs (YTD) | C4: =IF(OR(C13="",C17="",C14="",C15="",C16="",C18="",C19="",C20="",C21=""),"",SUM($C$6:C6)) -> 24 | D4: =IF(OR(D13="",D17="",D14="",D15="",D16="",D18="",D19="",D20="",D21=""),"",SUM($C$6:D6)) -> 48 | E4: =IF(OR(E13="",E17="",E14="",E15="",E16="",E18="",E19="",E20="",E21=""),"",SUM($C$6:E6)) -> 72 | F4: =IF(OR(F13="",F17="",F14="",F15="",F16="",F18="",F19="",F20="",F21=""),"",SUM($C$6:F6)) -> 96 | G4: =IF(OR(G13="",G17="",G14="",G15="",G16="",G18="",G19="",G20="",G21=""),"",SUM($C$6:G6)) -> 120 | H4: =IF(OR(H13="",H17="",H14="",H15="",H16="",H18="",H19="",H20="",H21=""),"",SUM($C$6:H6)) -> 144 | I4: =IF(OR(I13="",I17="",I14="",I15="",I16="",I18="",I19="",I20="",I21=""),"",SUM($C$6:I6)) -> 168 | J4: =IF(OR(J13="",J17="",J14="",J15="",J16="",J18="",J19="",J20="",J21=""),"",SUM($C$6:J6)) -> 192 | ... SW4: =IF(OR(SW13="",SW17="",SW14="",SW15="",SW16="",SW18="",SW19="",SW20="",SW21=""),"",SUM($C$6:SW6))
B5: Sched Hrs (MTD) | C5: =IF(C4="","",C6) -> 24 | D5: =IF(OR(D13="",D17="",D14="",D15="",D16="",D18="",D19="",D20="",D21=""),"",SUM($C$6:D6)) -> 48 | E5: =IF(OR(E13="",E17="",E14="",E15="",E16="",E18="",E19="",E20="",E21=""),"",SUM($C$6:E6)) -> 72 | F5: =IF(OR(F13="",F17="",F14="",F15="",F16="",F18="",F19="",F20="",F21=""),"",SUM($C$6:F6)) -> 96 | G5: =IF(OR(G13="",G17="",G14="",G15="",G16="",G18="",G19="",G20="",G21=""),"",SUM($C$6:G6)) -> 120 | H5: =IF(OR(H13="",H17="",H14="",H15="",H16="",H18="",H19="",H20="",H21=""),"",SUM($C$6:H6)) -> 144 | I5: =IF(OR(I13="",I17="",I14="",I15="",I16="",I18="",I19="",I20="",I21=""),"",SUM($C$6:I6)) -> 168 | J5: =IF(OR(J13="",J17="",J14="",J15="",J16="",J18="",J19="",J20="",J21=""),"",SUM($C$6:J6)) -> 192 | K5: =IF(OR(K13="",K17="",K14="",K15="",K16="",K18="",K19="",K20="",K21=""),"",SUM($C$6:K6)) -> 216 | ... AG5: =IF(OR(AG13="",AG17="",AG14="",AG15="",AG16="",AG18="",AG19="",AG20="",AG21=""),"",SUM($C$6:AG6)) -> 744 | AH5: =IF(AH4="","",AH6) -> 24 | AI5: =IF(OR(AI13="",AI17="",AI14="",AI15="",AI16="",AI18="",AI19="",AI20="",AI21=""),"",SUM($AH$6:AI6)) -> 48 | AJ5: =IF(OR(AJ13="",AJ17="",AJ14="",AJ15="",AJ16="",AJ18="",AJ19="",AJ20="",AJ21=""),"",SUM($AH$6:AJ6)) -> 72 | AK5: =IF(OR(AK13="",AK17="",AK14="",AK15="",AK16="",AK18="",AK19="",AK20="",AK21=""),"",SUM($AH$6:AK6)) -> 96 | AL5: =IF(OR(AL13="",AL17="",AL14="",AL15="",AL16="",AL18="",AL19="",AL20="",AL21=""),"",SUM($AH$6:AL6)) -> 120 | AM5: =IF(OR(AM13="",AM17="",AM14="",AM15="",AM16="",AM18="",AM19="",AM20="",AM21=""),"",SUM($AH$6:AM6)) -> 144 | AN5: =IF(OR(AN13="",AN17="",AN14="",AN15="",AN16="",AN18="",AN19="",AN20="",AN21=""),"",SUM($AH$6:AN6)) -> 168 | AO5: =IF(OR(AO13="",AO17="",AO14="",AO15="",AO16="",AO18="",AO19="",AO20="",AO21=""),"",SUM($AH$6:AO6)) -> 192 | AP5: =IF(OR(AP13="",AP17="",AP14="",AP15="",AP16="",AP18="",AP19="",AP20="",AP21=""),"",SUM($AH$6:AP6)) -> 216 | ... BI5: =IF(OR(BI13="",BI17="",BI14="",BI15="",BI16="",BI18="",BI19="",BI20="",BI21=""),"",SUM($AH$6:BI6)) -> 672 | BJ5: =IF(BJ4="","",BJ6) -> 24 | BK5: =IF(OR(BK13="",BK17="",BK14="",BK15="",BK16="",BK18="",BK19="",BK20="",BK21=""),"",SUM($BJ$6:BK6)) -> 48 | BL5: =IF(OR(BL13="",BL17="",BL14="",BL15="",BL16="",BL18="",BL19="",BL20="",BL21=""),"",SUM($BJ$6:BL6)) -> 72 | BM5: =IF(OR(BM13="",BM17="",BM14="",BM15="",BM16="",BM18="",BM19="",BM20="",BM21=""),"",SUM($BJ$6:BM6)) -> 96 | BN5: =IF(OR(BN13="",BN17="",BN14="",BN15="",BN16="",BN18="",BN19="",BN20="",BN21=""),"",SUM($BJ$6:BN6)) -> 120 | BO5: =IF(OR(BO13="",BO17="",BO14="",BO15="",BO16="",BO18="",BO19="",BO20="",BO21=""),"",SUM($BJ$6:BO6)) -> 144 | BP5: =IF(OR(BP13="",BP17="",BP14="",BP15="",BP16="",BP18="",BP19="",BP20="",BP21=""),"",SUM($BJ$6:BP6)) -> 168 | BQ5: =IF(OR(BQ13="",BQ17="",BQ14="",BQ15="",BQ16="",BQ18="",BQ19="",BQ20="",BQ21=""),"",SUM($BJ$6:BQ6)) -> 192 | BR5: =IF(OR(BR13="",BR17="",BR14="",BR15="",BR16="",BR18="",BR19="",BR20="",BR21=""),"",SUM($BJ$6:BR6)) -> 216 | ... CN5: =IF(OR(CN13="",CN17="",CN14="",CN15="",CN16="",CN18="",CN19="",CN20="",CN21=""),"",SUM($BJ$6:CN6)) -> 744 | CO5: =IF(CO4="","",CO6) -> 24 | CP5: =IF(OR(CP13="",CP17="",CP14="",CP15="",CP16="",CP18="",CP19="",CP20="",CP21=""),"",SUM($CO$6:CP6)) -> 48 | CQ5: =IF(OR(CQ13="",CQ17="",CQ14="",CQ15="",CQ16="",CQ18="",CQ19="",CQ20="",CQ21=""),"",SUM($CO$6:CQ6)) -> 72 | CR5: =IF(OR(CR13="",CR17="",CR14="",CR15="",CR16="",CR18="",CR19="",CR20="",CR21=""),"",SUM($CO$6:CR6)) -> 96 | CS5: =IF(OR(CS13="",CS17="",CS14="",CS15="",CS16="",CS18="",CS19="",CS20="",CS21=""),"",SUM($CO$6:CS6)) -> 120 | CT5: =IF(OR(CT13="",CT17="",CT14="",CT15="",CT16="",CT18="",CT19="",CT20="",CT21=""),"",SUM($CO$6:CT6)) -> 144 | CU5: =IF(OR(CU13="",CU17="",CU14="",CU15="",CU16="",CU18="",CU19="",CU20="",CU21=""),"",SUM($CO$6:CU6)) -> 168 | CV5: =IF(OR(CV13="",CV17="",CV14="",CV15="",CV16="",CV18="",CV19="",CV20="",CV21=""),"",SUM($CO$6:CV6)) -> 192 | CW5: =IF(OR(CW13="",CW17="",CW14="",CW15="",CW16="",CW18="",CW19="",CW20="",CW21=""),"",SUM($CO$6:CW6)) -> 216 | ... DR5: =IF(OR(DR13="",DR17="",DR14="",DR15="",DR16="",DR18="",DR19="",DR20="",DR21=""),"",SUM($CO$6:DR6)) -> 720 | DS5: =IF(OR(DS13="",DS17="",DS14="",DS15="",DS16="",DS18="",DS19="",DS20="",DS21=""),"",SUM($DS$6:DS6)) -> 24 | DT5: =IF(OR(DT13="",DT17="",DT14="",DT15="",DT16="",DT18="",DT19="",DT20="",DT21=""),"",SUM($DS$6:DT6)) -> 48 | DU5: =IF(OR(DU13="",DU17="",DU14="",DU15="",DU16="",DU18="",DU19="",DU20="",DU21=""),"",SUM($DS$6:DU6)) -> 72 | DV5: =IF(OR(DV13="",DV17="",DV14="",DV15="",DV16="",DV18="",DV19="",DV20="",DV21=""),"",SUM($DS$6:DV6)) -> 96 | DW5: =IF(OR(DW13="",DW17="",DW14="",DW15="",DW16="",DW18="",DW19="",DW20="",DW21=""),"",SUM($DS$6:DW6)) -> 120 | DX5: =IF(OR(DX13="",DX17="",DX14="",DX15="",DX16="",DX18="",DX19="",DX20="",DX21=""),"",SUM($DS$6:DX6)) -> 144 | DY5: =IF(OR(DY13="",DY17="",DY14="",DY15="",DY16="",DY18="",DY19="",DY20="",DY21=""),"",SUM($DS$6:DY6)) -> 168 | DZ5: =IF(OR(DZ13="",DZ17="",DZ14="",DZ15="",DZ16="",DZ18="",DZ19="",DZ20="",DZ21=""),"",SUM($DS$6:DZ6)) -> 192 | ... EW5: =IF(OR(EW13="",EW17="",EW14="",EW15="",EW16="",EW18="",EW19="",EW20="",EW21=""),"",SUM($DS$6:EW6)) -> 744 | EX5: =IF(EX4="","",EX6) -> 24 | EY5: =IF(OR(EY13="",EY17="",EY14="",EY15="",EY16="",EY18="",EY19="",EY20="",EY21=""),"",SUM($EX$6:EY6)) -> 48 | EZ5: =IF(OR(EZ13="",EZ17="",EZ14="",EZ15="",EZ16="",EZ18="",EZ19="",EZ20="",EZ21=""),"",SUM($EX$6:EZ6)) -> 72 | FA5: =IF(OR(FA13="",FA17="",FA14="",FA15="",FA16="",FA18="",FA19="",FA20="",FA21=""),"",SUM($EX$6:FA6)) -> 96 | FB5: =IF(OR(FB13="",FB17="",FB14="",FB15="",FB16="",FB18="",FB19="",FB20="",FB21=""),"",SUM($EX$6:FB6)) -> 120 | FC5: =IF(OR(FC13="",FC17="",FC14="",FC15="",FC16="",FC18="",FC19="",FC20="",FC21=""),"",SUM($EX$6:FC6)) -> 144 | FD5: =IF(OR(FD13="",FD17="",FD14="",FD15="",FD16="",FD18="",FD19="",FD20="",FD21=""),"",SUM($EX$6:FD6)) -> 168 | FE5: =IF(OR(FE13="",FE17="",FE14="",FE15="",FE16="",FE18="",FE19="",FE20="",FE21=""),"",SUM($EX$6:FE6)) -> 192 | FF5: =IF(OR(FF13="",FF17="",FF14="",FF15="",FF16="",FF18="",FF19="",FF20="",FF21=""),"",SUM($EX$6:FF6)) -> 216 | ... GA5: =IF(OR(GA13="",GA17="",GA14="",GA15="",GA16="",GA18="",GA19="",GA20="",GA21=""),"",SUM($EX$6:GA6)) -> 720 | GB5: =IF(GB4="","",GB6) -> 24 | GC5: =IF(OR(GC13="",GC17="",GC14="",GC15="",GC16="",GC18="",GC19="",GC20="",GC21=""),"",SUM($GB$6:GC6)) -> 48 | GD5: =IF(OR(GD13="",GD17="",GD14="",GD15="",GD16="",GD18="",GD19="",GD20="",GD21=""),"",SUM($GB$6:GD6)) -> 72 | GE5: =IF(OR(GE13="",GE17="",GE14="",GE15="",GE16="",GE18="",GE19="",GE20="",GE21=""),"",SUM($GB$6:GE6)) -> 96 | GF5: =IF(OR(GF13="",GF17="",GF14="",GF15="",GF16="",GF18="",GF19="",GF20="",GF21=""),"",SUM($GB$6:GF6)) -> 120 | GG5: =IF(OR(GG13="",GG17="",GG14="",GG15="",GG16="",GG18="",GG19="",GG20="",GG21=""),"",SUM($GB$6:GG6)) -> 144 | GH5: =IF(OR(GH13="",GH17="",GH14="",GH15="",GH16="",GH18="",GH19="",GH20="",GH21=""),"",SUM($GB$6:GH6)) -> 168 | GI5: =IF(OR(GI13="",GI17="",GI14="",GI15="",GI16="",GI18="",GI19="",GI20="",GI21=""),"",SUM($GB$6:GI6)) -> 192 | GJ5: =IF(OR(GJ13="",GJ17="",GJ14="",GJ15="",GJ16="",GJ18="",GJ19="",GJ20="",GJ21=""),"",SUM($GB$6:GJ6)) -> 216 | ... HF5: =IF(OR(HF13="",HF17="",HF14="",HF15="",HF16="",HF18="",HF19="",HF20="",HF21=""),"",SUM($GB$6:HF6)) -> 744 | HG5: =IF(HG4="","",HG6) -> 24 | HH5: =IF(OR(HH13="",HH17="",HH14="",HH15="",HH16="",HH18="",HH19="",HH20="",HH21=""),"",SUM($HG$6:HH6)) -> 48 | HI5: =IF(OR(HI13="",HI17="",HI14="",HI15="",HI16="",HI18="",HI19="",HI20="",HI21=""),"",SUM($HG$6:HI6)) -> 72 | HJ5: =IF(OR(HJ13="",HJ17="",HJ14="",HJ15="",HJ16="",HJ18="",HJ19="",HJ20="",HJ21=""),"",SUM($HG$6:HJ6)) -> 96 | HK5: =IF(OR(HK13="",HK17="",HK14="",HK15="",HK16="",HK18="",HK19="",HK20="",HK21=""),"",SUM($HG$6:HK6)) -> 120 | HL5: =IF(OR(HL13="",HL17="",HL14="",HL15="",HL16="",HL18="",HL19="",HL20="",HL21=""),"",SUM($HG$6:HL6)) -> 144 | HM5: =IF(OR(HM13="",HM17="",HM14="",HM15="",HM16="",HM18="",HM19="",HM20="",HM21=""),"",SUM($HG$6:HM6)) -> 168 | HN5: =IF(OR(HN13="",HN17="",HN14="",HN15="",HN16="",HN18="",HN19="",HN20="",HN21=""),"",SUM($HG$6:HN6)) -> 192 | HO5: =IF(OR(HO13="",HO17="",HO14="",HO15="",HO16="",HO18="",HO19="",HO20="",HO21=""),"",SUM($HG$6:HO6)) -> 216 | ... IK5: =IF(OR(IK13="",IK17="",IK14="",IK15="",IK16="",IK18="",IK19="",IK20="",IK21=""),"",SUM($HG$6:IK6)) -> 744 | IL5: =IF(IL4="","",IL6) -> 24 | IM5: =IF(OR(IM13="",IM17="",IM14="",IM15="",IM16="",IM18="",IM19="",IM20="",IM21=""),"",SUM($IL$6:IM6)) -> 48 | IN5: =IF(OR(IN13="",IN17="",IN14="",IN15="",IN16="",IN18="",IN19="",IN20="",IN21=""),"",SUM($IL$6:IN6)) -> 72 | IO5: =IF(OR(IO13="",IO17="",IO14="",IO15="",IO16="",IO18="",IO19="",IO20="",IO21=""),"",SUM($IL$6:IO6)) -> 96 | IP5: =IF(OR(IP13="",IP17="",IP14="",IP15="",IP16="",IP18="",IP19="",IP20="",IP21=""),"",SUM($IL$6:IP6)) -> 120 | IQ5: =IF(OR(IQ13="",IQ17="",IQ14="",IQ15="",IQ16="",IQ18="",IQ19="",IQ20="",IQ21=""),"",SUM($IL$6:IQ6)) -> 144 | IR5: =IF(OR(IR13="",IR17="",IR14="",IR15="",IR16="",IR18="",IR19="",IR20="",IR21=""),"",SUM($IL$6:IR6)) -> 168 | IS5: =IF(OR(IS13="",IS17="",IS14="",IS15="",IS16="",IS18="",IS19="",IS20="",IS21=""),"",SUM($IL$6:IS6)) -> 192 | IT5: =IF(OR(IT13="",IT17="",IT14="",IT15="",IT16="",IT18="",IT19="",IT20="",IT21=""),"",SUM($IL$6:IT6)) -> 216 | ... JO5: =IF(OR(JO13="",JO17="",JO14="",JO15="",JO16="",JO18="",JO19="",JO20="",JO21=""),"",SUM($IL$6:JO6)) -> 720 | JP5: =IF(JP4="","",JP6) -> 24 | JQ5: =IF(OR(JQ13="",JQ17="",JQ14="",JQ15="",JQ16="",JQ18="",JQ19="",JQ20="",JQ21=""),"",SUM($JP$6:JQ6)) -> 48 | JR5: =IF(OR(JR13="",JR17="",JR14="",JR15="",JR16="",JR18="",JR19="",JR20="",JR21=""),"",SUM($JP$6:JR6)) -> 72 | JS5: =IF(OR(JS13="",JS17="",JS14="",JS15="",JS16="",JS18="",JS19="",JS20="",JS21=""),"",SUM($JP$6:JS6)) -> 96 | JT5: =IF(OR(JT13="",JT17="",JT14="",JT15="",JT16="",JT18="",JT19="",JT20="",JT21=""),"",SUM($JP$6:JT6)) -> 120 | JU5: =IF(OR(JU13="",JU17="",JU14="",JU15="",JU16="",JU18="",JU19="",JU20="",JU21=""),"",SUM($JP$6:JU6)) -> 144 | JV5: =IF(OR(JV13="",JV17="",JV14="",JV15="",JV16="",JV18="",JV19="",JV20="",JV21=""),"",SUM($JP$6:JV6)) -> 168 | JW5: =IF(OR(JW13="",JW17="",JW14="",JW15="",JW16="",JW18="",JW19="",JW20="",JW21=""),"",SUM($JP$6:JW6)) -> 192 | JX5: =IF(OR(JX13="",JX17="",JX14="",JX15="",JX16="",JX18="",JX19="",JX20="",JX21=""),"",SUM($JP$6:JX6)) -> 216 | ... KT5: =IF(OR(KT13="",KT17="",KT14="",KT15="",KT16="",KT18="",KT19="",KT20="",KT21=""),"",SUM($JP$6:KT6)) -> 744 | KU5: =IF(KU4="","",KU6) | KV5: =IF(OR(KV13="",KV17="",KV14="",KV15="",KV16="",KV18="",KV19="",KV20="",KV21=""),"",SUM($KU$6:KV6)) | KW5: =IF(OR(KW13="",KW17="",KW14="",KW15="",KW16="",KW18="",KW19="",KW20="",KW21=""),"",SUM($KU$6:KW6)) | KX5: =IF(OR(KX13="",KX17="",KX14="",KX15="",KX16="",KX18="",KX19="",KX20="",KX21=""),"",SUM($KU$6:KX6)) | KY5: =IF(OR(KY13="",KY17="",KY14="",KY15="",KY16="",KY18="",KY19="",KY20="",KY21=""),"",SUM($KU$6:KY6)) | KZ5: =IF(OR(KZ13="",KZ17="",KZ14="",KZ15="",KZ16="",KZ18="",KZ19="",KZ20="",KZ21=""),"",SUM($KU$6:KZ6)) | LA5: =IF(OR(LA13="",LA17="",LA14="",LA15="",LA16="",LA18="",LA19="",LA20="",LA21=""),"",SUM($KU$6:LA6)) | LB5: =IF(OR(LB13="",LB17="",LB14="",LB15="",LB16="",LB18="",LB19="",LB20="",LB21=""),"",SUM($KU$6:LB6)) | LC5: =IF(OR(LC13="",LC17="",LC14="",LC15="",LC16="",LC18="",LC19="",LC20="",LC21=""),"",SUM($KU$6:LC6)) | ... LX5: =IF(OR(LX13="",LX17="",LX14="",LX15="",LX16="",LX18="",LX19="",LX20="",LX21=""),"",SUM($KU$6:LX6)) | LY5: =IF(LY4="","",LY6) | LZ5: =IF(OR(LZ13="",LZ17="",LZ14="",LZ15="",LZ16="",LZ18="",LZ19="",LZ20="",LZ21=""),"",SUM($LY$6:ZA6)) | MA5: =IF(OR(MA13="",MA17="",MA14="",MA15="",MA16="",MA18="",MA19="",MA20="",MA21=""),"",SUM($LY$6:ZB6)) | MB5: =IF(OR(MB13="",MB17="",MB14="",MB15="",MB16="",MB18="",MB19="",MB20="",MB21=""),"",SUM($LY$6:ZC6)) | MC5: =IF(OR(MC13="",MC17="",MC14="",MC15="",MC16="",MC18="",MC19="",MC20="",MC21=""),"",SUM($LY$6:ZD6)) | MD5: =IF(OR(MD13="",MD17="",MD14="",MD15="",MD16="",MD18="",MD19="",MD20="",MD21=""),"",SUM($LY$6:ZE6)) | ME5: =IF(OR(ME13="",ME17="",ME14="",ME15="",ME16="",ME18="",ME19="",ME20="",ME21=""),"",SUM($LY$6:ZF6)) | MF5: =IF(OR(MF13="",MF17="",MF14="",MF15="",MF16="",MF18="",MF19="",MF20="",MF21=""),"",SUM($LY$6:ZG6)) | MG5: =IF(OR(MG13="",MG17="",MG14="",MG15="",MG16="",MG18="",MG19="",MG20="",MG21=""),"",SUM($LY$6:ZH6)) | ... NC5: =IF(OR(NC13="",NC17="",NC14="",NC15="",NC16="",NC18="",NC19="",NC20="",NC21=""),"",SUM($LY$6:AAD6)) | ND5: =IF(ND4="","",ND6) | NE5: =IF(OR(NE13="",NE17="",NE14="",NE15="",NE16="",NE18="",NE19="",NE20="",NE21=""),"",SUM($ND$6:NE6)) | NF5: =IF(OR(NF13="",NF17="",NF14="",NF15="",NF16="",NF18="",NF19="",NF20="",NF21=""),"",SUM($ND$6:NF6)) | NG5: =IF(OR(NG13="",NG17="",NG14="",NG15="",NG16="",NG18="",NG19="",NG20="",NG21=""),"",SUM($ND$6:NG6)) | NH5: =IF(OR(NH13="",NH17="",NH14="",NH15="",NH16="",NH18="",NH19="",NH20="",NH21=""),"",SUM($ND$6:NH6)) | NI5: =IF(OR(NI13="",NI17="",NI14="",NI15="",NI16="",NI18="",NI19="",NI20="",NI21=""),"",SUM($ND$6:NI6)) | NJ5: =IF(OR(NJ13="",NJ17="",NJ14="",NJ15="",NJ16="",NJ18="",NJ19="",NJ20="",NJ21=""),"",SUM($ND$6:NJ6)) | NK5: =IF(OR(NK13="",NK17="",NK14="",NK15="",NK16="",NK18="",NK19="",NK20="",NK21=""),"",SUM($ND$6:NK6)) | NL5: =IF(OR(NL13="",NL17="",NL14="",NL15="",NL16="",NL18="",NL19="",NL20="",NL21=""),"",SUM($ND$6:NL6)) | ... OH5: =IF(OR(OH13="",OH17="",OH14="",OH15="",OH16="",OH18="",OH19="",OH20="",OH21=""),"",SUM($ND$6:OH6)) | OI5: =IF(OI4="","",OI6) | OJ5: =IF(OR(OJ13="",OJ17="",OJ14="",OJ15="",OJ16="",OJ18="",OJ19="",OJ20="",OJ21=""),"",SUM($OI$6:OJ6)) | OK5: =IF(OR(OK13="",OK17="",OK14="",OK15="",OK16="",OK18="",OK19="",OK20="",OK21=""),"",SUM($OI$6:OK6)) | OL5: =IF(OR(OL13="",OL17="",OL14="",OL15="",OL16="",OL18="",OL19="",OL20="",OL21=""),"",SUM($OI$6:OL6)) | OM5: =IF(OR(OM13="",OM17="",OM14="",OM15="",OM16="",OM18="",OM19="",OM20="",OM21=""),"",SUM($OI$6:OM6)) | ON5: =IF(OR(ON13="",ON17="",ON14="",ON15="",ON16="",ON18="",ON19="",ON20="",ON21=""),"",SUM($OI$6:ON6)) | OO5: =IF(OR(OO13="",OO17="",OO14="",OO15="",OO16="",OO18="",OO19="",OO20="",OO21=""),"",SUM($OI$6:OO6)) | OP5: =IF(OR(OP13="",OP17="",OP14="",OP15="",OP16="",OP18="",OP19="",OP20="",OP21=""),"",SUM($OI$6:OP6)) | OQ5: =IF(OR(OQ13="",OQ17="",OQ14="",OQ15="",OQ16="",OQ18="",OQ19="",OQ20="",OQ21=""),"",SUM($OI$6:OQ6)) | ... PJ5: =IF(OR(PJ13="",PJ17="",PJ14="",PJ15="",PJ16="",PJ18="",PJ19="",PJ20="",PJ21=""),"",SUM($OI$6:PJ6)) | PK5: =IF(OR(PK13="",PK17="",PK14="",PK15="",PK16="",PK18="",PK19="",PK20="",PK21=""),"",SUM($PK$6:PK6)) | PL5: =IF(OR(PL13="",PL17="",PL14="",PL15="",PL16="",PL18="",PL19="",PL20="",PL21=""),"",SUM($PK$6:PL6)) | PM5: =IF(OR(PM13="",PM17="",PM14="",PM15="",PM16="",PM18="",PM19="",PM20="",PM21=""),"",SUM($PK$6:PM6)) | PN5: =IF(OR(PN13="",PN17="",PN14="",PN15="",PN16="",PN18="",PN19="",PN20="",PN21=""),"",SUM($PK$6:PN6)) | PO5: =IF(OR(PO13="",PO17="",PO14="",PO15="",PO16="",PO18="",PO19="",PO20="",PO21=""),"",SUM($PK$6:PO6)) | PP5: =IF(OR(PP13="",PP17="",PP14="",PP15="",PP16="",PP18="",PP19="",PP20="",PP21=""),"",SUM($PK$6:PP6)) | PQ5: =IF(OR(PQ13="",PQ17="",PQ14="",PQ15="",PQ16="",PQ18="",PQ19="",PQ20="",PQ21=""),"",SUM($PK$6:PQ6)) | PR5: =IF(OR(PR13="",PR17="",PR14="",PR15="",PR16="",PR18="",PR19="",PR20="",PR21=""),"",SUM($PK$6:PR6)) | ... QO5: =IF(OR(QO13="",QO17="",QO14="",QO15="",QO16="",QO18="",QO19="",QO20="",QO21=""),"",SUM($PK$6:QO6)) | QP5: =IF(OR(QP13="",QP17="",QP14="",QP15="",QP16="",QP18="",QP19="",QP20="",QP21=""),"",SUM($QP$6:QP6)) | QQ5: =IF(OR(QQ13="",QQ17="",QQ14="",QQ15="",QQ16="",QQ18="",QQ19="",QQ20="",QQ21=""),"",SUM($QP$6:QQ6)) | QR5: =IF(OR(QR13="",QR17="",QR14="",QR15="",QR16="",QR18="",QR19="",QR20="",QR21=""),"",SUM($QP$6:QR6)) | QS5: =IF(OR(QS13="",QS17="",QS14="",QS15="",QS16="",QS18="",QS19="",QS20="",QS21=""),"",SUM($QP$6:QS6)) | QT5: =IF(OR(QT13="",QT17="",QT14="",QT15="",QT16="",QT18="",QT19="",QT20="",QT21=""),"",SUM($QP$6:QT6)) | QU5: =IF(OR(QU13="",QU17="",QU14="",QU15="",QU16="",QU18="",QU19="",QU20="",QU21=""),"",SUM($QP$6:QU6)) | QV5: =IF(OR(QV13="",QV17="",QV14="",QV15="",QV16="",QV18="",QV19="",QV20="",QV21=""),"",SUM($QP$6:QV6)) | QW5: =IF(OR(QW13="",QW17="",QW14="",QW15="",QW16="",QW18="",QW19="",QW20="",QW21=""),"",SUM($QP$6:QW6)) | ... RS5: =IF(OR(RS13="",RS17="",RS14="",RS15="",RS16="",RS18="",RS19="",RS20="",RS21=""),"",SUM($QP$6:RS6)) | RT5: =IF(OR(RT13="",RT17="",RT14="",RT15="",RT16="",RT18="",RT19="",RT20="",RT21=""),"",SUM($RT$6:RT6)) | RU5: =IF(OR(RU13="",RU17="",RU14="",RU15="",RU16="",RU18="",RU19="",RU20="",RU21=""),"",SUM($RT$6:RU6)) | RV5: =IF(OR(RV13="",RV17="",RV14="",RV15="",RV16="",RV18="",RV19="",RV20="",RV21=""),"",SUM($RT$6:RV6)) | RW5: =IF(OR(RW13="",RW17="",RW14="",RW15="",RW16="",RW18="",RW19="",RW20="",RW21=""),"",SUM($RT$6:RW6)) | RX5: =IF(OR(RX13="",RX17="",RX14="",RX15="",RX16="",RX18="",RX19="",RX20="",RX21=""),"",SUM($RT$6:RX6)) | RY5: =IF(OR(RY13="",RY17="",RY14="",RY15="",RY16="",RY18="",RY19="",RY20="",RY21=""),"",SUM($RT$6:RY6)) | RZ5: =IF(OR(RZ13="",RZ17="",RZ14="",RZ15="",RZ16="",RZ18="",RZ19="",RZ20="",RZ21=""),"",SUM($RT$6:RZ6)) | SA5: =IF(OR(SA13="",SA17="",SA14="",SA15="",SA16="",SA18="",SA19="",SA20="",SA21=""),"",SUM($RT$6:SA6)) | ... SW5: =IF(OR(SW13="",SW17="",SW14="",SW15="",SW16="",SW18="",SW19="",SW20="",SW21=""),"",SUM($RT$6:SW6))
B6: Daily Scheduled Hours | C6: =IF(OR(C13="",C17="",C14="",C15="",C16="",C18="",C19="",C20="",C21=""),"",C1*24) -> 24 | D6: =IF(OR(D13="",D17="",D14="",D15="",D16="",D18="",D19="",D20="",D21=""),"",D1*24) -> 24 | E6: =IF(OR(E13="",E17="",E14="",E15="",E16="",E18="",E19="",E20="",E21=""),"",E1*24) -> 24 | F6: =IF(OR(F13="",F17="",F14="",F15="",F16="",F18="",F19="",F20="",F21=""),"",F1*24) -> 24 | G6: =IF(OR(G13="",G17="",G14="",G15="",G16="",G18="",G19="",G20="",G21=""),"",G1*24) -> 24 | H6: =IF(OR(H13="",H17="",H14="",H15="",H16="",H18="",H19="",H20="",H21=""),"",H1*24) -> 24 | I6: =IF(OR(I13="",I17="",I14="",I15="",I16="",I18="",I19="",I20="",I21=""),"",I1*24) -> 24 | J6: =IF(OR(J13="",J17="",J14="",J15="",J16="",J18="",J19="",J20="",J21=""),"",J1*24) -> 24 | ... SW6: =IF(OR(SW13="",SW17="",SW14="",SW15="",SW16="",SW18="",SW19="",SW20="",SW21=""),"",SW1*24)
B7: DT Plan (MTD) | C7: =IF(OR(C13="",C17="",C14="",C15="",C16="",C18="",C19="",C20="",C21=""),"",$A$2) -> 2 | D7: =IF(OR(D13="",D17="",D14="",D15="",D16="",D18="",D19="",D20="",D21=""),"",$A$2*COUNT(C$6:$D6)) -> 4 | E7: =IF(OR(E13="",E17="",E14="",E15="",E16="",E18="",E19="",E20="",E21=""),"",$A$2*COUNT(D$6:$D6)) -> 2 | F7: =IF(OR(F13="",F17="",F14="",F15="",F16="",F18="",F19="",F20="",F21=""),"",$A$2*COUNT($D$6:E6)) -> 4 | G7: =IF(OR(G13="",G17="",G14="",G15="",G16="",G18="",G19="",G20="",G21=""),"",$A$2*COUNT($D$6:F6)) -> 6 | H7: =IF(OR(H13="",H17="",H14="",H15="",H16="",H18="",H19="",H20="",H21=""),"",$A$2*COUNT($D$6:G6)) -> 8 | I7: =IF(OR(I13="",I17="",I14="",I15="",I16="",I18="",I19="",I20="",I21=""),"",$A$2*COUNT($D$6:H6)) -> 10 | J7: =IF(OR(J13="",J17="",J14="",J15="",J16="",J18="",J19="",J20="",J21=""),"",$A$2*COUNT($D$6:I6)) -> 12 | K7: =IF(OR(K13="",K17="",K14="",K15="",K16="",K18="",K19="",K20="",K21=""),"",$A$2*COUNT($D$6:J6)) -> 14 | L7: =IF(OR(L13="",L17="",L14="",L15="",L16="",L18="",L19="",L20="",L21=""),"",$A$2*COUNT($D$6:K6)) -> 16 | M7: =IF(OR(M13="",M17="",M14="",M15="",M16="",M18="",M19="",M20="",M21=""),"",$A$2*COUNT($D$6:L6)) -> 18 | ... AG7: =IF(OR(AG13="",AG17="",AG14="",AG15="",AG16="",AG18="",AG19="",AG20="",AG21=""),"",$A$2*COUNT($D$6:AF6)) -> 58 | AH7: =IF(OR(AH13="",AH17="",AH14="",AH15="",AH16="",AH18="",AH19="",AH20="",AH21=""),"",$A$2) -> 2 | AI7: =IF(OR(AI13="",AI17="",AI14="",AI15="",AI16="",AI18="",AI19="",AI20="",AI21=""),"",$BJ$7+$A$2*COUNT($AH$7:AH7)) -> 4 | AJ7: =IF(OR(AJ13="",AJ17="",AJ14="",AJ15="",AJ16="",AJ18="",AJ19="",AJ20="",AJ21=""),"",$BJ$7+$A$2*COUNT($AH$7:AI7)) -> 6 | AK7: =IF(OR(AK13="",AK17="",AK14="",AK15="",AK16="",AK18="",AK19="",AK20="",AK21=""),"",$BJ$7+$A$2*COUNT($AH$7:AJ7)) -> 8 | AL7: =IF(OR(AL13="",AL17="",AL14="",AL15="",AL16="",AL18="",AL19="",AL20="",AL21=""),"",$BJ$7+$A$2*COUNT($AH$7:AK7)) -> 10 | AM7: =IF(OR(AM13="",AM17="",AM14="",AM15="",AM16="",AM18="",AM19="",AM20="",AM21=""),"",$BJ$7+$A$2*COUNT($AH$7:AL7)) -> 12 | AN7: =IF(OR(AN13="",AN17="",AN14="",AN15="",AN16="",AN18="",AN19="",AN20="",AN21=""),"",$BJ$7+$A$2*COUNT($AH$7:AM7)) -> 14 | AO7: =IF(OR(AO13="",AO17="",AO14="",AO15="",AO16="",AO18="",AO19="",AO20="",AO21=""),"",$BJ$7+$A$2*COUNT($AH$7:AN7)) -> 16 | AP7: =IF(OR(AP13="",AP17="",AP14="",AP15="",AP16="",AP18="",AP19="",AP20="",AP21=""),"",$BJ$7+$A$2*COUNT($AH$7:AO7)) -> 18 | ... BI7: =IF(OR(BI13="",BI17="",BI14="",BI15="",BI16="",BI18="",BI19="",BI20="",BI21=""),"",$BJ$7+$A$2*COUNT($AH$7:BH7)) -> 56 | BJ7: =IF(OR(BJ13="",BJ17="",BJ14="",BJ15="",BJ16="",BJ18="",BJ19="",BJ20="",BJ21=""),"",$A$2) -> 2 | BK7: =IF(OR(BK13="",BK17="",BK14="",BK15="",BK16="",BK18="",BK19="",BK20="",BK21=""),"",$BJ$7+$A$2*COUNT($BJ$7:BJ7)) -> 4 | BL7: =IF(OR(BL13="",BL17="",BL14="",BL15="",BL16="",BL18="",BL19="",BL20="",BL21=""),"",$BJ$7+$A$2*COUNT($BJ$7:BK7)) -> 6 | BM7: =IF(OR(BM13="",BM17="",BM14="",BM15="",BM16="",BM18="",BM19="",BM20="",BM21=""),"",$BJ$7+$A$2*COUNT($BJ$7:BL7)) -> 8 | BN7: =IF(OR(BN13="",BN17="",BN14="",BN15="",BN16="",BN18="",BN19="",BN20="",BN21=""),"",$BJ$7+$A$2*COUNT($BJ$7:BM7)) -> 10 | BO7: =IF(OR(BO13="",BO17="",BO14="",BO15="",BO16="",BO18="",BO19="",BO20="",BO21=""),"",$BJ$7+$A$2*COUNT($BJ$7:BN7)) -> 12 | BP7: =IF(OR(BP13="",BP17="",BP14="",BP15="",BP16="",BP18="",BP19="",BP20="",BP21=""),"",$BJ$7+$A$2*COUNT($BJ$7:BO7)) -> 14 | BQ7: =IF(OR(BQ13="",BQ17="",BQ14="",BQ15="",BQ16="",BQ18="",BQ19="",BQ20="",BQ21=""),"",$BJ$7+$A$2*COUNT($BJ$7:BP7)) -> 16 | BR7: =IF(OR(BR13="",BR17="",BR14="",BR15="",BR16="",BR18="",BR19="",BR20="",BR21=""),"",$BJ$7+$A$2*COUNT($BJ$7:BQ7)) -> 18 | ... CN7: =IF(OR(CN13="",CN17="",CN14="",CN15="",CN16="",CN18="",CN19="",CN20="",CN21=""),"",$BJ$7+$A$2*COUNT($BJ$7:CM7)) -> 62 | CO7: =IF(OR(CO13="",CO17="",CO14="",CO15="",CO16="",CO18="",CO19="",CO20="",CO21=""),"",$A$2) -> 2 | CP7: =IF(OR(CP13="",CP17="",CP14="",CP15="",CP16="",CP18="",CP19="",CP20="",CP21=""),"",$CO$7+$A$2*COUNT($CO$7:CO7)) -> 4 | CQ7: =IF(OR(CQ13="",CQ17="",CQ14="",CQ15="",CQ16="",CQ18="",CQ19="",CQ20="",CQ21=""),"",$CO$7+$A$2*COUNT($CO$7:CP7)) -> 6 | CR7: =IF(OR(CR13="",CR17="",CR14="",CR15="",CR16="",CR18="",CR19="",CR20="",CR21=""),"",$CO$7+$A$2*COUNT($CO$7:CQ7)) -> 8 | CS7: =IF(OR(CS13="",CS17="",CS14="",CS15="",CS16="",CS18="",CS19="",CS20="",CS21=""),"",$CO$7+$A$2*COUNT($CO$7:CR7)) -> 10 | CT7: =IF(OR(CT13="",CT17="",CT14="",CT15="",CT16="",CT18="",CT19="",CT20="",CT21=""),"",$CO$7+$A$2*COUNT($CO$7:CS7)) -> 12 | CU7: =IF(OR(CU13="",CU17="",CU14="",CU15="",CU16="",CU18="",CU19="",CU20="",CU21=""),"",$CO$7+$A$2*COUNT($CO$7:CT7)) -> 14 | CV7: =IF(OR(CV13="",CV17="",CV14="",CV15="",CV16="",CV18="",CV19="",CV20="",CV21=""),"",$CO$7+$A$2*COUNT($CO$7:CU7)) -> 16 | CW7: =IF(OR(CW13="",CW17="",CW14="",CW15="",CW16="",CW18="",CW19="",CW20="",CW21=""),"",$CO$7+$A$2*COUNT($CO$7:CV7)) -> 18 | ... DR7: =IF(OR(DR13="",DR17="",DR14="",DR15="",DR16="",DR18="",DR19="",DR20="",DR21=""),"",$CO$7+$A$2*COUNT($CO$7:DQ7)) -> 60 | DS7: =IF(OR(DS13="",DS17="",DS14="",DS15="",DS16="",DS18="",DS19="",DS20="",DS21=""),"",$A$2) -> 2 | DT7: =IF(OR(DT13="",DT17="",DT14="",DT15="",DT16="",DT18="",DT19="",DT20="",DT21=""),"",$CO$7+$A$2*COUNT($DS$7:DS7)) -> 4 | DU7: =IF(OR(DU13="",DU17="",DU14="",DU15="",DU16="",DU18="",DU19="",DU20="",DU21=""),"",$CO$7+$A$2*COUNT($DS$7:DT7)) -> 6 | DV7: =IF(OR(DV13="",DV17="",DV14="",DV15="",DV16="",DV18="",DV19="",DV20="",DV21=""),"",$CO$7+$A$2*COUNT($DS$7:DU7)) -> 8 | DW7: =IF(OR(DW13="",DW17="",DW14="",DW15="",DW16="",DW18="",DW19="",DW20="",DW21=""),"",$CO$7+$A$2*COUNT($DS$7:DV7)) -> 10 | DX7: =IF(OR(DX13="",DX17="",DX14="",DX15="",DX16="",DX18="",DX19="",DX20="",DX21=""),"",$CO$7+$A$2*COUNT($DS$7:DW7)) -> 12 | DY7: =IF(OR(DY13="",DY17="",DY14="",DY15="",DY16="",DY18="",DY19="",DY20="",DY21=""),"",$CO$7+$A$2*COUNT($DS$7:DX7)) -> 14 | DZ7: =IF(OR(DZ13="",DZ17="",DZ14="",DZ15="",DZ16="",DZ18="",DZ19="",DZ20="",DZ21=""),"",$CO$7+$A$2*COUNT($DS$7:DY7)) -> 16 | EA7: =IF(OR(EA13="",EA17="",EA14="",EA15="",EA16="",EA18="",EA19="",EA20="",EA21=""),"",$CO$7+$A$2*COUNT($DS$7:DZ7)) -> 18 | ... EW7: =IF(OR(EW13="",EW17="",EW14="",EW15="",EW16="",EW18="",EW19="",EW20="",EW21=""),"",$CO$7+$A$2*COUNT($DS$7:EV7)) -> 62 | EX7: =IF(OR(EX13="",EX17="",EX14="",EX15="",EX16="",EX18="",EX19="",EX20="",EX21=""),"",$A$2) -> 2 | EY7: =IF(OR(EY13="",EY17="",EY14="",EY15="",EY16="",EY18="",EY19="",EY20="",EY21=""),"",$EX$7+$A$2*COUNT($EX$7:EX7)) -> 4 | EZ7: =IF(OR(EZ13="",EZ17="",EZ14="",EZ15="",EZ16="",EZ18="",EZ19="",EZ20="",EZ21=""),"",$EX$7+$A$2*COUNT($EX$7:EY7)) -> 6 | FA7: =IF(OR(FA13="",FA17="",FA14="",FA15="",FA16="",FA18="",FA19="",FA20="",FA21=""),"",$EX$7+$A$2*COUNT($EX$7:EZ7)) -> 8 | FB7: =IF(OR(FB13="",FB17="",FB14="",FB15="",FB16="",FB18="",FB19="",FB20="",FB21=""),"",$EX$7+$A$2*COUNT($EX$7:FA7)) -> 10 | FC7: =IF(OR(FC13="",FC17="",FC14="",FC15="",FC16="",FC18="",FC19="",FC20="",FC21=""),"",$EX$7+$A$2*COUNT($EX$7:FB7)) -> 12 | FD7: =IF(OR(FD13="",FD17="",FD14="",FD15="",FD16="",FD18="",FD19="",FD20="",FD21=""),"",$EX$7+$A$2*COUNT($EX$7:FC7)) -> 14 | FE7: =IF(OR(FE13="",FE17="",FE14="",FE15="",FE16="",FE18="",FE19="",FE20="",FE21=""),"",$EX$7+$A$2*COUNT($EX$7:FD7)) -> 16 | FF7: =IF(OR(FF13="",FF17="",FF14="",FF15="",FF16="",FF18="",FF19="",FF20="",FF21=""),"",$EX$7+$A$2*COUNT($EX$7:FE7)) -> 18 | ... GA7: =IF(OR(GA13="",GA17="",GA14="",GA15="",GA16="",GA18="",GA19="",GA20="",GA21=""),"",$EX$7+$A$2*COUNT($EX$7:FZ7)) -> 60 | GB7: =IF(OR(GB13="",GB17="",GB14="",GB15="",GB16="",GB18="",GB19="",GB20="",GB21=""),"",$A$2) -> 2 | GC7: =IF(OR(GC13="",GC17="",GC14="",GC15="",GC16="",GC18="",GC19="",GC20="",GC21=""),"",$GC$7+$A$2*COUNT(GB$7:$GC7)) | GD7: =IF(OR(GD13="",GD17="",GD14="",GD15="",GD16="",GD18="",GD19="",GD20="",GD21=""),"",$GC$7+$A$2*COUNT(GC$7:$GC7)) | GE7: =IF(OR(GE13="",GE17="",GE14="",GE15="",GE16="",GE18="",GE19="",GE20="",GE21=""),"",$GC$7+$A$2*COUNT($GC$7:GD7)) | GF7: =IF(OR(GF13="",GF17="",GF14="",GF15="",GF16="",GF18="",GF19="",GF20="",GF21=""),"",$GC$7+$A$2*COUNT($GC$7:GE7)) | GG7: =IF(OR(GG13="",GG17="",GG14="",GG15="",GG16="",GG18="",GG19="",GG20="",GG21=""),"",$GC$7+$A$2*COUNT($GC$7:GF7)) | GH7: =IF(OR(GH13="",GH17="",GH14="",GH15="",GH16="",GH18="",GH19="",GH20="",GH21=""),"",$GC$7+$A$2*COUNT($GC$7:GG7)) | GI7: =IF(OR(GI13="",GI17="",GI14="",GI15="",GI16="",GI18="",GI19="",GI20="",GI21=""),"",$GC$7+$A$2*COUNT($GC$7:GH7)) | GJ7: =IF(OR(GJ13="",GJ17="",GJ14="",GJ15="",GJ16="",GJ18="",GJ19="",GJ20="",GJ21=""),"",$GC$7+$A$2*COUNT($GC$7:GI7)) | GK7: =IF(OR(GK13="",GK17="",GK14="",GK15="",GK16="",GK18="",GK19="",GK20="",GK21=""),"",$GC$7+$A$2*COUNT($GC$7:GJ7)) | GL7: =IF(OR(GL13="",GL17="",GL14="",GL15="",GL16="",GL18="",GL19="",GL20="",GL21=""),"",$GC$7+$A$2*COUNT($GC$7:GK7)) | ... HF7: =IF(OR(HF13="",HF17="",HF14="",HF15="",HF16="",HF18="",HF19="",HF20="",HF21=""),"",$GC$7+$A$2*COUNT($GC$7:HE7)) | HG7: =IF(OR(HG13="",HG17="",HG14="",HG15="",HG16="",HG18="",HG19="",HG20="",HG21=""),"",$A$2) -> 2 | HH7: =IF(OR(HH13="",HH17="",HH14="",HH15="",HH16="",HH18="",HH19="",HH20="",HH21=""),"",$HH$7+$A$2*COUNT(HG$7:$HH7)) | HI7: =IF(OR(HI13="",HI17="",HI14="",HI15="",HI16="",HI18="",HI19="",HI20="",HI21=""),"",$HH$7+$A$2*COUNT(HH$7:$HH7)) | HJ7: =IF(OR(HJ13="",HJ17="",HJ14="",HJ15="",HJ16="",HJ18="",HJ19="",HJ20="",HJ21=""),"",$HH$7+$A$2*COUNT($HH$7:HI7)) | HK7: =IF(OR(HK13="",HK17="",HK14="",HK15="",HK16="",HK18="",HK19="",HK20="",HK21=""),"",$HH$7+$A$2*COUNT($HH$7:HJ7)) | HL7: =IF(OR(HL13="",HL17="",HL14="",HL15="",HL16="",HL18="",HL19="",HL20="",HL21=""),"",$HH$7+$A$2*COUNT($HH$7:HK7)) | HM7: =IF(OR(HM13="",HM17="",HM14="",HM15="",HM16="",HM18="",HM19="",HM20="",HM21=""),"",$HH$7+$A$2*COUNT($HH$7:HL7)) | HN7: =IF(OR(HN13="",HN17="",HN14="",HN15="",HN16="",HN18="",HN19="",HN20="",HN21=""),"",$HH$7+$A$2*COUNT($HH$7:HM7)) | HO7: =IF(OR(HO13="",HO17="",HO14="",HO15="",HO16="",HO18="",HO19="",HO20="",HO21=""),"",$HH$7+$A$2*COUNT($HH$7:HN7)) | HP7: =IF(OR(HP13="",HP17="",HP14="",HP15="",HP16="",HP18="",HP19="",HP20="",HP21=""),"",$HH$7+$A$2*COUNT($HH$7:HO7)) | HQ7: =IF(OR(HQ13="",HQ17="",HQ14="",HQ15="",HQ16="",HQ18="",HQ19="",HQ20="",HQ21=""),"",$HH$7+$A$2*COUNT($HH$7:HP7)) | ... IK7: =IF(OR(IK13="",IK17="",IK14="",IK15="",IK16="",IK18="",IK19="",IK20="",IK21=""),"",$HH$7+$A$2*COUNT($HH$7:IJ7)) | IL7: =IF(OR(IL13="",IL17="",IL14="",IL15="",IL16="",IL18="",IL19="",IL20="",IL21=""),"",$A$2) -> 2 | IM7: =IF(OR(IM13="",IM17="",IM14="",IM15="",IM16="",IM18="",IM19="",IM20="",IM21=""),"",$IL$7+$A$2*COUNT($IL$7:IL7)) -> 4 | IN7: =IF(OR(IN13="",IN17="",IN14="",IN15="",IN16="",IN18="",IN19="",IN20="",IN21=""),"",$IL$7+$A$2*COUNT($IL$7:IM7)) -> 6 | IO7: =IF(OR(IO13="",IO17="",IO14="",IO15="",IO16="",IO18="",IO19="",IO20="",IO21=""),"",$IL$7+$A$2*COUNT($IL$7:IN7)) -> 8 | IP7: =IF(OR(IP13="",IP17="",IP14="",IP15="",IP16="",IP18="",IP19="",IP20="",IP21=""),"",$IL$7+$A$2*COUNT($IL$7:IO7)) -> 10 | IQ7: =IF(OR(IQ13="",IQ17="",IQ14="",IQ15="",IQ16="",IQ18="",IQ19="",IQ20="",IQ21=""),"",$IL$7+$A$2*COUNT($IL$7:IP7)) -> 12 | IR7: =IF(OR(IR13="",IR17="",IR14="",IR15="",IR16="",IR18="",IR19="",IR20="",IR21=""),"",$IL$7+$A$2*COUNT($IL$7:IQ7)) -> 14 | IS7: =IF(OR(IS13="",IS17="",IS14="",IS15="",IS16="",IS18="",IS19="",IS20="",IS21=""),"",$IL$7+$A$2*COUNT($IL$7:IR7)) -> 16 | IT7: =IF(OR(IT13="",IT17="",IT14="",IT15="",IT16="",IT18="",IT19="",IT20="",IT21=""),"",$IL$7+$A$2*COUNT($IL$7:IS7)) -> 18 | ... JO7: =IF(OR(JO13="",JO17="",JO14="",JO15="",JO16="",JO18="",JO19="",JO20="",JO21=""),"",$IL$7+$A$2*COUNT($IL$7:JN7)) -> 60 | JP7: =IF(OR(JP13="",JP17="",JP14="",JP15="",JP16="",JP18="",JP19="",JP20="",JP21=""),"",$A$2) -> 2 | JQ7: =IF(OR(JQ13="",JQ17="",JQ14="",JQ15="",JQ16="",JQ18="",JQ19="",JQ20="",JQ21=""),"",$A$2) -> 2 | JR7: =IF(OR(JR13="",JR17="",JR14="",JR15="",JR16="",JR18="",JR19="",JR20="",JR21=""),"",$A$2) -> 2 | JS7: =IF(OR(JS13="",JS17="",JS14="",JS15="",JS16="",JS18="",JS19="",JS20="",JS21=""),"",$A$2) -> 2 | JT7: =IF(OR(JT13="",JT17="",JT14="",JT15="",JT16="",JT18="",JT19="",JT20="",JT21=""),"",$JQ$7+$A$2*COUNT($JP$7:JT7)) | JU7: =IF(OR(JU13="",JU17="",JU14="",JU15="",JU16="",JU18="",JU19="",JU20="",JU21=""),"",$JQ$7+$A$2*COUNT($JP$7:JU7)) | JV7: =IF(OR(JV13="",JV17="",JV14="",JV15="",JV16="",JV18="",JV19="",JV20="",JV21=""),"",$JQ$7+$A$2*COUNT($JP$7:JV7)) | JW7: =IF(OR(JW13="",JW17="",JW14="",JW15="",JW16="",JW18="",JW19="",JW20="",JW21=""),"",$JQ$7+$A$2*COUNT($JP$7:JW7)) | JX7: =IF(OR(JX13="",JX17="",JX14="",JX15="",JX16="",JX18="",JX19="",JX20="",JX21=""),"",$JQ$7+$A$2*COUNT($JP$7:JX7)) | JY7: =IF(OR(JY13="",JY17="",JY14="",JY15="",JY16="",JY18="",JY19="",JY20="",JY21=""),"",$JQ$7+$A$2*COUNT($JP$7:JY7)) | JZ7: =IF(OR(JZ13="",JZ17="",JZ14="",JZ15="",JZ16="",JZ18="",JZ19="",JZ20="",JZ21=""),"",$JQ$7+$A$2*COUNT($JP$7:JZ7)) | KA7: =IF(OR(KA13="",KA17="",KA14="",KA15="",KA16="",KA18="",KA19="",KA20="",KA21=""),"",$JQ$7+$A$2*COUNT($JP$7:KA7)) | ... KS7: =IF(OR(KS13="",KS17="",KS14="",KS15="",KS16="",KS18="",KS19="",KS20="",KS21=""),"",$JQ$7+$A$2*COUNT($JP$7:KS7)) | KT7: =IF(OR(KT13="",KT17="",KT14="",KT15="",KT16="",KT18="",KT19="",KT20="",KT21=""),"",$JP$7+$A$2*COUNT($JP$7:KT7)) | KU7: =IF(OR(KU13="",KU17="",KU14="",KU15="",KU16="",KU18="",KU19="",KU20="",KU21=""),"",$A$2) | KV7: =IF(OR(KV13="",KV17="",KV14="",KV15="",KV16="",KV18="",KV19="",KV20="",KV21=""),"",$KU$7+$A$2*COUNT($KU$7:KV7)) | KW7: =IF(OR(KW13="",KW17="",KW14="",KW15="",KW16="",KW18="",KW19="",KW20="",KW21=""),"",$KU$7+$A$2*COUNT($KU$7:KW7)) | KX7: =IF(OR(KX13="",KX17="",KX14="",KX15="",KX16="",KX18="",KX19="",KX20="",KX21=""),"",$KU$7+$A$2*COUNT($KU$7:KX7)) | KY7: =IF(OR(KY13="",KY17="",KY14="",KY15="",KY16="",KY18="",KY19="",KY20="",KY21=""),"",$KU$7+$A$2*COUNT($KU$7:KY7)) | KZ7: =IF(OR(KZ13="",KZ17="",KZ14="",KZ15="",KZ16="",KZ18="",KZ19="",KZ20="",KZ21=""),"",$KU$7+$A$2*COUNT($KU$7:KZ7)) | LA7: =IF(OR(LA13="",LA17="",LA14="",LA15="",LA16="",LA18="",LA19="",LA20="",LA21=""),"",$KU$7+$A$2*COUNT($KU$7:LA7)) | LB7: =IF(OR(LB13="",LB17="",LB14="",LB15="",LB16="",LB18="",LB19="",LB20="",LB21=""),"",$KU$7+$A$2*COUNT($KU$7:LB7)) | LC7: =IF(OR(LC13="",LC17="",LC14="",LC15="",LC16="",LC18="",LC19="",LC20="",LC21=""),"",$KU$7+$A$2*COUNT($KU$7:LC7)) | ... LX7: =IF(OR(LX13="",LX17="",LX14="",LX15="",LX16="",LX18="",LX19="",LX20="",LX21=""),"",$KU$7+$A$2*COUNT($KU$7:LX7)) | LY7: =IF(OR(LY13="",LY17="",LY14="",LY15="",LY16="",LY18="",LY19="",LY20="",LY21=""),"",$A$2) | LZ7: =IF(OR(LZ13="",LZ17="",LZ14="",LZ15="",LZ16="",LZ18="",LZ19="",LZ20="",LZ21=""),"",$LY$7+$A$2*COUNT($LY$7:MA7)) | MA7: =IF(OR(MA13="",MA17="",MA14="",MA15="",MA16="",MA18="",MA19="",MA20="",MA21=""),"",$LY$7+$A$2*COUNT($LY$7:MB7)) | MB7: =IF(OR(MB13="",MB17="",MB14="",MB15="",MB16="",MB18="",MB19="",MB20="",MB21=""),"",$LY$7+$A$2*COUNT($LY$7:MC7)) | MC7: =IF(OR(MC13="",MC17="",MC14="",MC15="",MC16="",MC18="",MC19="",MC20="",MC21=""),"",$LY$7+$A$2*COUNT($LY$7:MD7)) | MD7: =IF(OR(MD13="",MD17="",MD14="",MD15="",MD16="",MD18="",MD19="",MD20="",MD21=""),"",$LY$7+$A$2*COUNT($LY$7:ME7)) | ME7: =IF(OR(ME13="",ME17="",ME14="",ME15="",ME16="",ME18="",ME19="",ME20="",ME21=""),"",$LY$7+$A$2*COUNT($LY$7:MF7)) | MF7: =IF(OR(MF13="",MF17="",MF14="",MF15="",MF16="",MF18="",MF19="",MF20="",MF21=""),"",$LY$7+$A$2*COUNT($LY$7:MG7)) | MG7: =IF(OR(MG13="",MG17="",MG14="",MG15="",MG16="",MG18="",MG19="",MG20="",MG21=""),"",$LY$7+$A$2*COUNT($LY$7:MH7)) | ... NC7: =IF(OR(NC13="",NC17="",NC14="",NC15="",NC16="",NC18="",NC19="",NC20="",NC21=""),"",$LY$7+$A$2*COUNT($LY$7:ND7)) | ND7: =IF(OR(ND13="",ND17="",ND14="",ND15="",ND16="",ND18="",ND19="",ND20="",ND21=""),"",$A$2) | NE7: =IF(OR(NE13="",NE17="",NE14="",NE15="",NE16="",NE18="",NE19="",NE20="",NE21=""),"",$ND$7+$A$2*COUNT($ND$7:ND7)) | NF7: =IF(OR(NF13="",NF17="",NF14="",NF15="",NF16="",NF18="",NF19="",NF20="",NF21=""),"",$ND$7+$A$2*COUNT($ND$7:NE7)) | NG7: =IF(OR(NG13="",NG17="",NG14="",NG15="",NG16="",NG18="",NG19="",NG20="",NG21=""),"",$ND$7+$A$2*COUNT($ND$7:NF7)) | NH7: =IF(OR(NH13="",NH17="",NH14="",NH15="",NH16="",NH18="",NH19="",NH20="",NH21=""),"",$ND$7+$A$2*COUNT($ND$7:NG7)) | NI7: =IF(OR(NI13="",NI17="",NI14="",NI15="",NI16="",NI18="",NI19="",NI20="",NI21=""),"",$ND$7+$A$2*COUNT($ND$7:NH7)) | NJ7: =IF(OR(NJ13="",NJ17="",NJ14="",NJ15="",NJ16="",NJ18="",NJ19="",NJ20="",NJ21=""),"",$ND$7+$A$2*COUNT($ND$7:NI7)) | NK7: =IF(OR(NK13="",NK17="",NK14="",NK15="",NK16="",NK18="",NK19="",NK20="",NK21=""),"",$ND$7+$A$2*COUNT($ND$7:NJ7)) | NL7: =IF(OR(NL13="",NL17="",NL14="",NL15="",NL16="",NL18="",NL19="",NL20="",NL21=""),"",$ND$7+$A$2*COUNT($ND$7:NK7)) | ... OH7: =IF(OR(OH13="",OH17="",OH14="",OH15="",OH16="",OH18="",OH19="",OH20="",OH21=""),"",$ND$7+$A$2*COUNT($ND$7:OG7)) | OI7: =IF(OR(OI13="",OI17="",OI14="",OI15="",OI16="",OI18="",OI19="",OI20="",OI21=""),"",$A$2) | OJ7: =IF(OR(OJ13="",OJ17="",OJ14="",OJ15="",OJ16="",OJ18="",OJ19="",OJ20="",OJ21=""),"",$OI$7+$A$2*COUNT($OI$7:OI7)) | OK7: =IF(OR(OK13="",OK17="",OK14="",OK15="",OK16="",OK18="",OK19="",OK20="",OK21=""),"",$OI$7+$A$2*COUNT($OI$7:OJ7)) | OL7: =IF(OR(OL13="",OL17="",OL14="",OL15="",OL16="",OL18="",OL19="",OL20="",OL21=""),"",$OI$7+$A$2*COUNT($OI$7:OK7)) | OM7: =IF(OR(OM13="",OM17="",OM14="",OM15="",OM16="",OM18="",OM19="",OM20="",OM21=""),"",$OI$7+$A$2*COUNT($OI$7:OL7)) | ON7: =IF(OR(ON13="",ON17="",ON14="",ON15="",ON16="",ON18="",ON19="",ON20="",ON21=""),"",$OI$7+$A$2*COUNT($OI$7:OM7)) | OO7: =IF(OR(OO13="",OO17="",OO14="",OO15="",OO16="",OO18="",OO19="",OO20="",OO21=""),"",$OI$7+$A$2*COUNT($OI$7:ON7)) | OP7: =IF(OR(OP13="",OP17="",OP14="",OP15="",OP16="",OP18="",OP19="",OP20="",OP21=""),"",$OI$7+$A$2*COUNT($OI$7:OO7)) | OQ7: =IF(OR(OQ13="",OQ17="",OQ14="",OQ15="",OQ16="",OQ18="",OQ19="",OQ20="",OQ21=""),"",$OI$7+$A$2*COUNT($OI$7:OP7)) | ... PJ7: =IF(OR(PJ13="",PJ17="",PJ14="",PJ15="",PJ16="",PJ18="",PJ19="",PJ20="",PJ21=""),"",$OI$7+$A$2*COUNT($OI$7:PI7)) | PK7: =IF(OR(PK13="",PK17="",PK14="",PK15="",PK16="",PK18="",PK19="",PK20="",PK21=""),"",2) | PL7: =IF(OR(PL13="",PL17="",PL14="",PL15="",PL16="",PL18="",PL19="",PL20="",PL21=""),"",$OI$7+$A$2*COUNT($PK$7:PK7)) | PM7: =IF(OR(PM13="",PM17="",PM14="",PM15="",PM16="",PM18="",PM19="",PM20="",PM21=""),"",$OI$7+$A$2*COUNT($PK$7:PL7)) | PN7: =IF(OR(PN13="",PN17="",PN14="",PN15="",PN16="",PN18="",PN19="",PN20="",PN21=""),"",$OI$7+$A$2*COUNT($PK$7:PM7)) | PO7: =IF(OR(PO13="",PO17="",PO14="",PO15="",PO16="",PO18="",PO19="",PO20="",PO21=""),"",$OI$7+$A$2*COUNT($PK$7:PN7)) | PP7: =IF(OR(PP13="",PP17="",PP14="",PP15="",PP16="",PP18="",PP19="",PP20="",PP21=""),"",$OI$7+$A$2*COUNT($PK$7:PO7)) | PQ7: =IF(OR(PQ13="",PQ17="",PQ14="",PQ15="",PQ16="",PQ18="",PQ19="",PQ20="",PQ21=""),"",$OI$7+$A$2*COUNT($PK$7:PP7)) | PR7: =IF(OR(PR13="",PR17="",PR14="",PR15="",PR16="",PR18="",PR19="",PR20="",PR21=""),"",$OI$7+$A$2*COUNT($PK$7:PQ7)) | PS7: =IF(OR(PS13="",PS17="",PS14="",PS15="",PS16="",PS18="",PS19="",PS20="",PS21=""),"",$OI$7+$A$2*COUNT($PK$7:PR7)) | ... QO7: =IF(OR(QO13="",QO17="",QO14="",QO15="",QO16="",QO18="",QO19="",QO20="",QO21=""),"",$OI$7+$A$2*COUNT($PK$7:QN7)) | QP7: =IF(OR(QP13="",QP17="",QP14="",QP15="",QP16="",QP18="",QP19="",QP20="",QP21=""),"",24) | QQ7: =IF(OR(QQ13="",QQ17="",QQ14="",QQ15="",QQ16="",QQ18="",QQ19="",QQ20="",QQ21=""),"",$QP$7+$A$2*COUNT($QP$7:QP7)) | QR7: =IF(OR(QR13="",QR17="",QR14="",QR15="",QR16="",QR18="",QR19="",QR20="",QR21=""),"",$QP$7+$A$2*COUNT($QP$7:QQ7)) | QS7: =IF(OR(QS13="",QS17="",QS14="",QS15="",QS16="",QS18="",QS19="",QS20="",QS21=""),"",$QP$7+$A$2*COUNT($QP$7:QR7)) | QT7: =IF(OR(QT13="",QT17="",QT14="",QT15="",QT16="",QT18="",QT19="",QT20="",QT21=""),"",$QP$7+$A$2*COUNT($QP$7:QS7)) | QU7: =IF(OR(QU13="",QU17="",QU14="",QU15="",QU16="",QU18="",QU19="",QU20="",QU21=""),"",$QP$7+$A$2*COUNT($QP$7:QT7)) | QV7: =IF(OR(QV13="",QV17="",QV14="",QV15="",QV16="",QV18="",QV19="",QV20="",QV21=""),"",$QP$7+$A$2*COUNT($QP$7:QU7)) | QW7: =IF(OR(QW13="",QW17="",QW14="",QW15="",QW16="",QW18="",QW19="",QW20="",QW21=""),"",$QP$7+$A$2*COUNT($QP$7:QV7)) | QX7: =IF(OR(QX13="",QX17="",QX14="",QX15="",QX16="",QX18="",QX19="",QX20="",QX21=""),"",$QP$7+$A$2*COUNT($QP$7:QW7)) | ... RS7: =IF(OR(RS13="",RS17="",RS14="",RS15="",RS16="",RS18="",RS19="",RS20="",RS21=""),"",$QP$7+$A$2*COUNT($QP$7:RR7)) | RT7: =IF(OR(RT13="",RT17="",RT14="",RT15="",RT16="",RT18="",RT19="",RT20="",RT21=""),"",24) | RU7: =IF(OR(RU13="",RU17="",RU14="",RU15="",RU16="",RU18="",RU19="",RU20="",RU21=""),"",$RT$7+$A$2*COUNT($RT$7:RT7)) | RV7: =IF(OR(RV13="",RV17="",RV14="",RV15="",RV16="",RV18="",RV19="",RV20="",RV21=""),"",$RT$7+$A$2*COUNT($RT$7:RU7)) | RW7: =IF(OR(RW13="",RW17="",RW14="",RW15="",RW16="",RW18="",RW19="",RW20="",RW21=""),"",$RT$7+$A$2*COUNT($RT$7:RV7)) | RX7: =IF(OR(RX13="",RX17="",RX14="",RX15="",RX16="",RX18="",RX19="",RX20="",RX21=""),"",$RT$7+$A$2*COUNT($RT$7:RW7)) | RY7: =IF(OR(RY13="",RY17="",RY14="",RY15="",RY16="",RY18="",RY19="",RY20="",RY21=""),"",$RT$7+$A$2*COUNT($RT$7:RX7)) | RZ7: =IF(OR(RZ13="",RZ17="",RZ14="",RZ15="",RZ16="",RZ18="",RZ19="",RZ20="",RZ21=""),"",$RT$7+$A$2*COUNT($RT$7:RY7)) | SA7: =IF(OR(SA13="",SA17="",SA14="",SA15="",SA16="",SA18="",SA19="",SA20="",SA21=""),"",$RT$7+$A$2*COUNT($RT$7:RZ7)) | SB7: =IF(OR(SB13="",SB17="",SB14="",SB15="",SB16="",SB18="",SB19="",SB20="",SB21=""),"",$RT$7+$A$2*COUNT($RT$7:SA7)) | ... SW7: =IF(OR(SW13="",SW17="",SW14="",SW15="",SW16="",SW18="",SW19="",SW20="",SW21=""),"",$RT$7+$A$2*COUNT($RT$7:SV7))
B8: MA Target (Realistic) | C8: =IF(OR(C13="",C17="",C14="",C15="",C16="",C18="",C19="",C20="",C21=""),"",1-(C7/C5)) -> 0.91666667 | D8: =IF(OR(D13="",D17="",D14="",D15="",D16="",D18="",D19="",D20="",D21=""),"",1-(D7/D5)) -> 0.91666667 | E8: =IF(OR(E13="",E17="",E14="",E15="",E16="",E18="",E19="",E20="",E21=""),"",1-(E7/E5)) -> 0.97222222 | F8: =IF(OR(F13="",F17="",F14="",F15="",F16="",F18="",F19="",F20="",F21=""),"",1-(F7/F5)) -> 0.95833333 | G8: =IF(OR(G13="",G17="",G14="",G15="",G16="",G18="",G19="",G20="",G21=""),"",1-(G7/G5)) -> 0.95 | H8: =IF(OR(H13="",H17="",H14="",H15="",H16="",H18="",H19="",H20="",H21=""),"",1-(H7/H5)) -> 0.94444444 | I8: =IF(OR(I13="",I17="",I14="",I15="",I16="",I18="",I19="",I20="",I21=""),"",1-(I7/I5)) -> 0.94047619 | J8: =IF(OR(J13="",J17="",J14="",J15="",J16="",J18="",J19="",J20="",J21=""),"",1-(J7/J5)) -> 0.9375 | ... SW8: =IF(OR(SW13="",SW17="",SW14="",SW15="",SW16="",SW18="",SW19="",SW20="",SW21=""),"",1-(SW7/SW5))
B9: MA Target (Contract) | C9: =IF(OR(C13="",C17="",C14="",C15="",C16="",C18="",C19="",C20="",C21=""),"",88%) -> 0.88 | D9: =IF(D8="","",88%) -> 0.88 | E9: =IF(E8="","",88%) -> 0.88 | F9: =IF(F8="","",88%) -> 0.88 | G9: =IF(G8="","",88%) -> 0.88 | H9: =IF(H8="","",88%) -> 0.88 | I9: =IF(I8="","",88%) -> 0.88 | J9: =IF(J8="","",88%) -> 0.88 | K9: =IF(K8="","",88%) -> 0.88 | ... AG9: =IF(AG8="","",88%) -> 0.88 | AH9: =IF(OR(AH13="",AH17="",AH14="",AH15="",AH16="",AH18="",AH19="",AH20="",AH21=""),"",88%) -> 0.88 | AI9: =IF(AI8="","",88%) -> 0.88 | AJ9: =IF(AJ8="","",88%) -> 0.88 | AK9: =IF(AK8="","",88%) -> 0.88 | AL9: =IF(AL8="","",88%) -> 0.88 | AM9: =IF(AM8="","",88%) -> 0.88 | AN9: =IF(AN8="","",88%) -> 0.88 | AO9: =IF(AO8="","",88%) -> 0.88 | AP9: =IF(AP8="","",88%) -> 0.88 | ... BI9: =IF(BI8="","",88%) -> 0.88 | BJ9: =IF(OR(BJ13="",BJ17="",BJ14="",BJ15="",BJ16="",BJ18="",BJ19="",BJ20="",BJ21=""),"",88%) -> 0.88 | BK9: =IF(OR(BK13="",BK17="",BK14="",BK15="",BK16="",BK18="",BK19="",BK20="",BK21=""),"",88%) -> 0.88 | BL9: =IF(OR(BL13="",BL17="",BL14="",BL15="",BL16="",BL18="",BL19="",BL20="",BL21=""),"",88%) -> 0.88 | BM9: =IF(OR(BM13="",BM17="",BM14="",BM15="",BM16="",BM18="",BM19="",BM20="",BM21=""),"",88%) -> 0.88 | BN9: =IF(OR(BN13="",BN17="",BN14="",BN15="",BN16="",BN18="",BN19="",BN20="",BN21=""),"",88%) -> 0.88 | BO9: =IF(OR(BO13="",BO17="",BO14="",BO15="",BO16="",BO18="",BO19="",BO20="",BO21=""),"",88%) -> 0.88 | BP9: =IF(OR(BP13="",BP17="",BP14="",BP15="",BP16="",BP18="",BP19="",BP20="",BP21=""),"",88%) -> 0.88 | BQ9: =IF(OR(BQ13="",BQ17="",BQ14="",BQ15="",BQ16="",BQ18="",BQ19="",BQ20="",BQ21=""),"",88%) -> 0.88 | ... SW9: =IF(OR(SW13="",SW17="",SW14="",SW15="",SW16="",SW18="",SW19="",SW20="",SW21=""),"",88%)
B12: Downtime Daily | DS12: 2 | DT12: 3 | DU12: 4 | DV12: 5 | DW12: 6 | DX12: 7 | DY12: 8 | DZ12: 9 | EA12: 10 | EB12: 11 | EC12: 12 | ED12: 13 | EE12: 14 | EF12: 15 | EG12: 16 | EH12: 17 | EI12: 18 | EJ12: 19 | EK12: 20 | EL12: 21 | EM12: 22 | EN12: 23 | EO12: 24 | EP12: 25 | EQ12: 26 | ER12: 27 | ES12: 28 | ET12: 29 | EU12: 30 | EV12: 31 | EX12: 2 | EY12: 3 | EZ12: 4 | FA12: 0 | FB12: 5 | FC12: 0 | FD12: 6 | FE12: 7 | FF12: 8 | FG12: 9 | FH12: 10 | FI12: 11 | FJ12: 12 | FK12: 13 | FL12: 14 | FM12: 15 | FN12: 16 | FO12: 17 | FP12: 18 | FQ12: 19 | FR12: 20 | FS12: 21 | FT12: 22 | FU12: 23 | FV12: 24 | FW12: 25 | FX12: 26 | FY12: 27 | FZ12: 28 | GA12: 29 | GB12: 2 | GC12: 3 | GD12: 4 | GE12: 5 | GF12: 6 | GG12: 7 | GH12: 8 | GI12: 9 | GJ12: 10 | GK12: 11 | GL12: 12 | GM12: 13 | GN12: 14 | GO12: 15 | GP12: 16 | GQ12: 17 | GR12: 18 | GS12: 19 | GT12: 20 | GU12: 21 | GV12: 22 | GW12: 23 | GX12: 24 | GY12: 25 | GZ12: 26 | HA12: 27 | HB12: 2 | HC12: 3 | HD12: 4 | HE12: 5 | HF12: 6 | HG12: 7 | HH12: 8 | HI12: 9 | HJ12: 10 | HK12: 11 | HL12: 12 | HM12: 13 | HN12: 14 | HO12: 15 | HP12: 16 | HQ12: 17 | HR12: 18 | HS12: 19 | HT12: 20 | HU12: 21 | HV12: 22 | HW12: 23 | HX12: 24 | HY12: 25 | HZ12: 26 | IA12: 27 | IB12: 28 | IC12: 23 | ID12: 24 | IE12: 25 | IF12: 26 | IG12: 27 | IH12: 28 | IY12: 2 | IZ12: 3 | JA12: 4 | JB12: 5 | JC12: 6 | JD12: 7 | JE12: 8 | JF12: 9 | JG12: 2 | JH12: 3 | JI12: 4 | JJ12: 5 | JK12: 6 | JL12: 7 | JM12: 8
A13: 777E | B13: RT401 | C13: 0 | D13: 0 | E13: 2.4 | F13: 0 | G13: 0 | H13: 7.22 | I13: 1.47 | J13: 26.5 | K13: 0 | L13: 0 | M13: 0 | N13: 8.6 | O13: 0 | P13: 0 | Q13: 0 | R13: 20.31 | S13: 0 | T13: 0 | U13: 0 | V13: 5.1 | W13: 0.22 | X13: 0.97 | Y13: 6.23 | Z13: 0 | AA13: 2.87 | AB13: 0 | AC13: 1.16 | AD13: 3.38 | AE13: 0 | AF13: 0 | AG13: 0 | AH13: 0 | AI13: 10.68 | AJ13: 0 | AK13: 0 | AL13: 0 | AM13: 2.15 | AN13: 0 | AO13: 0 | AP13: 0 | AQ13: 6.85 | AR13: 0 | AS13: 19.15 | AT13: 0 | AU13: 16.65 | AV13: 1.47 | AW13: 10.07 | AX13: 0 | AY13: 0 | AZ13: 0 | BA13: 7.24 | BB13: 1.28 | BC13: 5.43 | BD13: 0 | BE13: 2.73 | BF13: 0 | BG13: 0 | BH13: 3.8 | BI13: 0.2 | BJ13: 0 | BK13: 1.27 | BL13: 0 | BM13: 0 | BN13: 0 | BO13: 0 | BP13: 0 | BQ13: 0 | BR13: 2.28 | BS13: 0 | BT13: 0 | BU13: 0 | BV13: 0 | BW13: 0 | BX13: 0 | BY13: 5.2 | BZ13: 0 | CA13: 0 | CB13: 23.77 | CC13: 10.36 | CD13: 5.8 | CE13: 0 | CF13: 14.6 | CG13: 0.32 | CH13: 4.2 | CI13: 8.3 | CJ13: 0 | CK13: 0 | CL13: 0 | CM13: 3.19 | CN13: 0 | CO13: 0 | CP13: 6.12 | CQ13: 0 | CR13: 0 | CS13: 0 | CT13: 0.4 | CU13: 0 | CV13: 0.6 | CW13: 0 | CX13: 0 | CY13: 0 | CZ13: 0 | DA13: 4.62 | DB13: 0 | DC13: 0 | DD13: 1.08 | DE13: 0 | DF13: 0 | DG13: 0 | DH13: 0 | DI13: 0 | DJ13: 0 | DK13: 2.27 | DL13: 3.62 | DM13: 0 | DN13: 0 | DO13: 0 | DP13: 0 | DQ13: 0 | DR13: 0 | DS13: 0 | DT13: 3.05 | DU13: 0 | DV13: 0 | DW13: 0 | DX13: 0 | DY13: 0 | DZ13: 2.7 | EA13: 0 | EB13: 2.37 | EC13: 17 | ED13: 10.4 | EE13: 10.3 | EF13: 0 | EG13: 8.1 | EH13: 0.37 | EI13: 5.28 | EJ13: 0 | EK13: 0 | EL13: 0 | EM13: 0 | EN13: 0 | EO13: 0 | EP13: 0 | EQ13: 0 | ER13: 9.4 | ES13: 0 | ET13: 0 | EU13: 0 | EV13: 0 | EW13: 0 | EX13: 0 | EY13: 0 | EZ13: 0 | FA13: 0 | FB13: 0 | FC13: 0 | FD13: 0 | FE13: 25.57 | FF13: 4.22 | FG13: 0.25 | FH13: 10.25 | FI13: 9.19 | FJ13: 0 | FK13: 0 | FL13: 0 | FM13: 0 | FN13: 0 | FO13: 0 | FP13: 0 | FQ13: 0 | FR13: 0 | FS13: 0 | FT13: 0 | FU13: 0 | FV13: 9.1 | FW13: 2.98 | FX13: 0 | FY13: 0 | FZ13: 11.52 | GA13: 0 | GB13: 0 | GC13: 0.61 | GD13: 0 | GE13: 0.08 | GF13: 0 | GG13: 0 | GH13: 1.02 | GI13: 0 | GJ13: 0 | GK13: 0 | GL13: 0 | GM13: 0 | GN13: 0 | GO13: 0 | GP13: 0 | GQ13: 0 | GR13: 0 | GS13: 0 | GT13: 0 | GU13: 47.82 | GV13: 0 | GW13: 3.18 | GX13: 0 | GY13: 0 | GZ13: 0 | HA13: 0 | HB13: 0 | HC13: 0 | HD13: 17.68 | HE13: 0 | HF13: 0 | HG13: 0 | HH13: 0 | HI13: 0 | HJ13: 0.68833333 | HK13: 19.754444 | HL13: 0.64083333 | HM13: 0 | HN13: 0 | HO13: 0 | HP13: 0 | HQ13: 0 | HR13: 0 | HS13: 16.351667 | HT13: 0 | HU13: 5.3663889 | HV13: 0 | HW13: 0 | HX13: 13.3025 | HY13: 3.6755556 | HZ13: 6.4452778 | IA13: 0.72305556 | IB13: 6.2636111 | IC13: 22.64 | ID13: 1.47 | IE13: 0 | IF13: 4.22 | IG13: 6.83 | IH13: 0 | II13: 0 | IJ13: 3.66 | IK13: 0 | IL13: 0 | IM13: 0 | IN13: 10.629167 | IO13: 10.850278 | IP13: 0.41055556 | IQ13: 4.6052778 | IR13: 0.14861111 | IS13: 1.5041667 | IT13: 0 | IU13: 10.723889 | IV13: 1.5611111 | IW13: 0 | IX13: 11.43 | IY13: =IFERROR(VLOOKUP($B13,[1]Sheet1!$A:$I,IY$12,0),0) -> 0 | IZ13: =IFERROR(VLOOKUP($B13,[1]Sheet1!$A:$I,IZ$12,0),0) -> 0 | JA13: =IFERROR(VLOOKUP($B13,[1]Sheet1!$A:$I,JA$12,0),0) -> 5.2363889 | JB13: =IFERROR(VLOOKUP($B13,[1]Sheet1!$A:$I,JB$12,0),0) -> 0.056944444 | JC13: =IFERROR(VLOOKUP($B13,[1]Sheet1!$A:$I,JC$12,0),0) -> 0 | JD13: =IFERROR(VLOOKUP($B13,[1]Sheet1!$A:$I,JD$12,0),0) -> 0 | JE13: =IFERROR(VLOOKUP($B13,[1]Sheet1!$A:$I,JE$12,0),0) -> 0 | JF13: =IFERROR(VLOOKUP($B13,[1]Sheet1!$A:$I,JF$12,0),0) -> 0 | JG13: =IFERROR(VLOOKUP($B13,[2]Sheet3!$A:$I,JG$12,0),0) -> 0 | JH13: =IFERROR(VLOOKUP($B13,[2]Sheet3!$A:$I,JH$12,0),0) -> 0 | JI13: =IFERROR(VLOOKUP($B13,[2]Sheet3!$A:$I,JI$12,0),0) -> 0 | JJ13: =IFERROR(VLOOKUP($B13,[2]Sheet3!$A:$I,JJ$12,0),0) -> 0 | JK13: =IFERROR(VLOOKUP($B13,[2]Sheet3!$A:$I,JK$12,0),0) -> 0 | JL13: =IFERROR(VLOOKUP($B13,[2]Sheet3!$A:$I,JL$12,0),0) -> 0 | JM13: 7.42 | JN13: =IFERROR(VLOOKUP($B13,[2]Sheet3!$A:$I,JN$12,0),0) -> 0 | JO13: 1 | JP13: 1 | JQ13: 5.99 | JR13: 19.838056 | JS13: 0.35527778 | JT13: 0 | JU13: 0 | JV13: 1 | JW13: 0 | JX13: 4 | JY13: 24 | JZ13: 24 | KA13: 0 | KB13: 0 | KC13: 0 | KD13: 0 | KE13: 0 | KF13: 0 | KG13: 0 | KH13: 12 | KI13: 0 | KJ13: 6 | KK13: 0 | KL13: 0 | KM13: 0 | KN13: 0 | KO13: 0 | KP13: 0 | KQ13: 0 | KR13: 0 | KS13: 0 | KT13: 0
A14: 777E | B14: RT403 | C14: 0 | D14: 0 | E14: 0 | F14: 0 | G14: 0 | H14: 0 | I14: 0 | J14: 0 | K14: 0 | L14: 0 | M14: 0 | N14: 0 | O14: 0 | P14: 0 | Q14: 0 | R14: 0 | S14: 0 | T14: 0 | U14: 0 | V14: 0 | W14: 0 | X14: 0 | Y14: 0 | Z14: 0 | AA14: 0 | AB14: 0 | AC14: 0 | AD14: 0 | AE14: 0 | AF14: 0 | AG14: 0 | AH14: 0 | AI14: 4.08 | AJ14: 6.02 | AK14: 4.17 | AL14: 0 | AM14: 7.03 | AN14: 0 | AO14: 0 | AP14: 9.55 | AQ14: 0 | AR14: 3.22 | AS14: 0 | AT14: 0 | AU14: 0 | AV14: 5.82 | AW14: 0.6 | AX14: 1.87 | AY14: 3.33 | AZ14: 11.85 | BA14: 14.53 | BB14: 0 | BC14: 6.23 | BD14: 0 | BE14: 0 | BF14: 0 | BG14: 0 | BH14: 0 | BI14: 7.75 | BJ14: 0 | BK14: 0 | BL14: 1.13 | BM14: 0 | BN14: 0 | BO14: 6.93 | BP14: 1.72 | BQ14: 0 | BR14: 3.65 | BS14: 0 | BT14: 2.02 | BU14: 0.99 | BV14: 0 | BW14: 0 | BX14: 2.52 | BY14: 0 | BZ14: 0 | CA14: 0 | CB14: 0 | CC14: 15.3 | CD14: 0 | CE14: 0 | CF14: 0 | CG14: 0 | CH14: 0 | CI14: 0.55 | CJ14: 1.2 | CK14: 0 | CL14: 0 | CM14: 0 | CN14: 0 | CO14: 3.03 | CP14: 0 | CQ14: 1.17 | CR14: 0 | CS14: 0 | CT14: 0 | CU14: 0 | CV14: 0 | CW14: 0 | CX14: 0 | CY14: 8.58 | CZ14: 0 | DA14: 0 | DB14: 0 | DC14: 0 | DD14: 0.85 | DE14: 1.93 | DF14: 2 | DG14: 11.82 | DH14: 0 | DI14: 0 | DJ14: 2.25 | DK14: 0 | DL14: 0 | DM14: 0 | DN14: 0 | DO14: 4.27 | DP14: 0 | DQ14: 1.13 | DR14: 36.02 | DS14: 13.55 | DT14: 0 | DU14: 7.2 | DV14: 0 | DW14: 0 | DX14: 0 | DY14: 0 | DZ14: 1.49 | EA14: 0 | EB14: 5.62 | EC14: 25.64 | ED14: 3.7 | EE14: 36.93 | EF14: 0 | EG14: 0 | EH14: 0 | EI14: 0 | EJ14: 0 | EK14: 7.9 | EL14: 0 | EM14: 0 | EN14: 0 | EO14: 0 | EP14: 0 | EQ14: 0 | ER14: 0 | ES14: 0 | ET14: 0 | EU14: 0 | EV14: 0 | EW14: 0 | EX14: 0 | EY14: 0 | EZ14: 0 | FA14: 0 | FB14: 0 | FC14: 0 | FD14: 0 | FE14: 1.53 | FF14: 7.27 | FG14: 11.3 | FH14: 1.3 | FI14: 0.78 | FJ14: 6.98 | FK14: 0 | FL14: 0 | FM14: 0 | FN14: 0 | FO14: 14.14 | FP14: 64.24 | FQ14: 0 | FR14: 0 | FS14: 12.57 | FT14: 26.78 | FU14: 0 | FV14: 2.43 | FW14: 1.47 | FX14: 18.51 | FY14: 274.58 | FZ14: 0 | GA14: 0 | GB14: 64.15 | GC14: 0 | GD14: 24.25 | GE14: 35.52 | GF14: 0 | GG14: 79.5 | GH14: 0 | GI14: 0 | GJ14: 0 | GK14: 0 | GL14: 0 | GM14: 0 | GN14: 0 | GO14: 0 | GP14: 0 | GQ14: 0 | GR14: 0 | GS14: 0 | GT14: 0 | GU14: 0 | GV14: 0 | GW14: 0.73 | GX14: 0 | GY14: 0 | GZ14: 0 | HA14: 0 | HB14: 2.67 | HC14: 19.95 | HD14: 0 | HE14: 0 | HF14: 0.13 | HG14: 14.8025 | HH14: 5.4988889 | HI14: 16.135 | HJ14: 0 | HK14: 0.81666667 | HL14: 20.211111 | HM14: 20.666944 | HN14: 7.9175 | HO14: 0.36444444 | HP14: 11.283333 | HQ14: 0 | HR14: 0 | HS14: 0 | HT14: 0 | HU14: 0 | HV14: 0 | HW14: 1.5827778 | HX14: 3.0594444 | HY14: 6.5019444 | HZ14: 7.6991667 | IA14: 0 | IB14: 0 | IC14: 0 | ID14: 0 | IE14: 12.52 | IF14: 0 | IG14: 0 | IH14: 2.55 | II14: 0 | IJ14: 0 | IK14: 0 | IL14: 0 | IM14: 11.121111 | IN14: 19.568333 | IO14: 0.53277778 | IP14: 1.5138889 | IQ14: 0 | IR14: 0.85277778 | IS14: 0 | IT14: 0 | IU14: 6.4805556 | IV14: 0 | IW14: 0 | IX14: 1.4491667 | IY14: =IFERROR(VLOOKUP($B14,[1]Sheet1!$A:$I,IY$12,0),0) -> 0 | IZ14: =IFERROR(VLOOKUP($B14,[1]Sheet1!$A:$I,IZ$12,0),0) -> 0 | JA14: =IFERROR(VLOOKUP($B14,[1]Sheet1!$A:$I,JA$12,0),0) -> 9.7005556 | JB14: =IFERROR(VLOOKUP($B14,[1]Sheet1!$A:$I,JB$12,0),0) -> 1.1525 | JC14: =IFERROR(VLOOKUP($B14,[1]Sheet1!$A:$I,JC$12,0),0) -> 0 | JD14: =IFERROR(VLOOKUP($B14,[1]Sheet1!$A:$I,JD$12,0),0) -> 3.9122222 | JE14: =IFERROR(VLOOKUP($B14,[1]Sheet1!$A:$I,JE$12,0),0) -> 0 | JF14: =IFERROR(VLOOKUP($B14,[1]Sheet1!$A:$I,JF$12,0),0) -> 0 | JG14: =IFERROR(VLOOKUP($B14,[2]Sheet3!$A:$I,JG$12,0),0) -> 0 | JH14: =IFERROR(VLOOKUP($B14,[2]Sheet3!$A:$I,JH$12,0),0) -> 9.9177778 | JI14: =IFERROR(VLOOKUP($B14,[2]Sheet3!$A:$I,JI$12,0),0) -> 5.4805556 | JJ14: =IFERROR(VLOOKUP($B14,[2]Sheet3!$A:$I,JJ$12,0),0) -> 4.7911111 | JK14: =IFERROR(VLOOKUP($B14,[2]Sheet3!$A:$I,JK$12,0),0) -> 2.85 | JL14: =IFERROR(VLOOKUP($B14,[2]Sheet3!$A:$I,JL$12,0),0) -> 1.6202778 | JM14: =IFERROR(VLOOKUP($B14,[2]Sheet3!$A:$I,JM$12,0),0) -> 0 | JN14: 1 | JO14: 1 | JP14: 1 | JQ14: 4 | JR14: 23.09 | JS14: 3 | JT14: 0 | JU14: 0 | JV14: 1 | JW14: 0 | JX14: 0 | JY14: 0 | JZ14: 0 | KA14: 0 | KB14: 0 | KC14: 24 | KD14: 6 | KE14: 0 | KF14: 0 | KG14: 0 | KH14: 0 | KI14: 0 | KJ14: 0 | KK14: 0 | KL14: 0 | KM14: 0 | KN14: 0 | KO14: 0 | KP14: 0 | KQ14: 0 | KR14: 0 | KS14: 0 | KT14: 0
A15: 777E | B15: RT404 | C15: 0 | D15: 0 | E15: 0 | F15: 0 | G15: 0 | H15: 0 | I15: 0 | J15: 0 | K15: 0 | L15: 0 | M15: 0 | N15: 0 | O15: 0 | P15: 0 | Q15: 0 | R15: 0 | S15: 0 | T15: 0 | U15: 0 | V15: 0 | W15: 0 | X15: 24.99 | Y15: 0 | Z15: 0.68 | AA15: 0 | AB15: 0 | AC15: 0 | AD15: 0 | AE15: 0 | AF15: 0 | AG15: 0 | AH15: 0 | AI15: 5.25 | AJ15: 0 | AK15: 2.75 | AL15: 5.15 | AM15: 11.58 | AN15: 3.02 | AO15: 0 | AP15: 4.56 | AQ15: 8.74 | AR15: 13.39 | AS15: 0 | AT15: 0 | AU15: 0 | AV15: 0 | AW15: 2.98 | AX15: 1.32 | AY15: 8.82 | AZ15: 0 | BA15: 4.89 | BB15: 1.5 | BC15: 0 | BD15: 0 | BE15: 1.98 | BF15: 3.92 | BG15: 0 | BH15: 0 | BI15: 0.78 | BJ15: 4.77 | BK15: 12.43 | BL15: 23.67 | BM15: 0 | BN15: 0 | BO15: 1.15 | BP15: 2.32 | BQ15: 3.27 | BR15: 11.23 | BS15: 5.71 | BT15: 4.15 | BU15: 3.82 | BV15: 8.41 | BW15: 11.03 | BX15: 0 | BY15: 0 | BZ15: 0 | CA15: 12.88 | CB15: 5.87 | CC15: 23.93 | CD15: 0 | CE15: 0 | CF15: 3.06 | CG15: 0 | CH15: 0 | CI15: 1.02 | CJ15: 9.06 | CK15: 0 | CL15: 0 | CM15: 7.82 | CN15: 0 | CO15: 6.03 | CP15: 4.74 | CQ15: 16.55 | CR15: 32.98 | CS15: 0 | CT15: 0 | CU15: 2.15 | CV15: 0 | CW15: 0 | CX15: 0 | CY15: 0.87 | CZ15: 0 | DA15: 5.2 | DB15: 2.18 | DC15: 0 | DD15: 11.88 | DE15: 2.64 | DF15: 0 | DG15: 3.43 | DH15: 13.6 | DI15: 0 | DJ15: 0 | DK15: 0 | DL15: 0 | DM15: 0 | DN15: 0 | DO15: 0 | DP15: 0 | DQ15: 0 | DR15: 0 | DS15: 0 | DT15: 0 | DU15: 9.22 | DV15: 0 | DW15: 0 | DX15: 0 | DY15: 0 | DZ15: 0 | EA15: 0 | EB15: 0 | EC15: 0 | ED15: 0 | EE15: 0 | EF15: 0 | EG15: 31.82 | EH15: 0 | EI15: 0 | EJ15: 0 | EK15: 0 | EL15: 6.17 | EM15: 0 | EN15: 2.1 | EO15: 24 | EP15: 20 | EQ15: 0 | ER15: 0 | ES15: 5.3 | ET15: 1.5 | EU15: 0 | EV15: 0 | EW15: 0 | EX15: 0 | EY15: 0 | EZ15: 0 | FA15: 0 | FB15: 0 | FC15: 0 | FD15: 0 | FE15: 0.03 | FF15: 0 | FG15: 13.08 | FH15: 0 | FI15: 0.27 | FJ15: 0 | FK15: 0 | FL15: 3.2 | FM15: 0 | FN15: 0 | FO15: 0 | FP15: 0 | FQ15: 0 | FR15: 2.12 | FS15: 0 | FT15: 0 | FU15: 7.17 | FV15: 9.58 | FW15: 5.88 | FX15: 0 | FY15: 0 | FZ15: 0 | GA15: 1.3 | GB15: 0 | GC15: 0 | GD15: 0 | GE15: 0 | GF15: 3.02 | GG15: 0 | GH15: 0 | GI15: 6.42 | GJ15: 6.02 | GK15: 0 | GL15: 190.88 | GM15: 0 | GN15: 0 | GO15: 0 | GP15: 0 | GQ15: 0 | GR15: 0 | GS15: 0 | GT15: 0 | GU15: 0 | GV15: 0 | GW15: 5 | GX15: 0 | GY15: 0 | GZ15: 0 | HA15: 0 | HB15: 0 | HC15: 0 | HD15: 0 | HE15: 0 | HF15: 15.17 | HG15: 0 | HH15: 0 | HI15: 0 | HJ15: 0 | HK15: 0 | HL15: 0 | HM15: 0 | HN15: 0 | HO15: 0 | HP15: 0 | HQ15: 0 | HR15: 0 | HS15: 0 | HT15: 0 | HU15: 0 | HV15: 0 | HW15: 10.061944 | HX15: 0 | HY15: 0.11388889 | HZ15: 13.021667 | IA15: 0 | IB15: 0 | IC15: 0 | ID15: 3.65 | IE15: 0 | IF15: 0 | IG15: 0 | IH15: 0 | II15: 0 | IJ15: 0 | IK15: 0 | IL15: 3.8786111 | IM15: 0 | IN15: 0 | IO15: 0 | IP15: 0 | IQ15: 0 | IR15: 1.3538889 | IS15: 4.0627778 | IT15: 19.343611 | IU15: 23.871111 | IV15: 24 | IW15: 24 | IX15: 24 | IY15: =IFERROR(VLOOKUP($B15,[1]Sheet1!$A:$I,IY$12,0),0) -> 15.208333 | IZ15: =IFERROR(VLOOKUP($B15,[1]Sheet1!$A:$I,IZ$12,0),0) -> 0 | JA15: =IFERROR(VLOOKUP($B15,[1]Sheet1!$A:$I,JA$12,0),0) -> 0 | JB15: =IFERROR(VLOOKUP($B15,[1]Sheet1!$A:$I,JB$12,0),0) -> 0 | JC15: =IFERROR(VLOOKUP($B15,[1]Sheet1!$A:$I,JC$12,0),0) -> 0 | JD15: =IFERROR(VLOOKUP($B15,[1]Sheet1!$A:$I,JD$12,0),0) -> 0 | JE15: =IFERROR(VLOOKUP($B15,[1]Sheet1!$A:$I,JE$12,0),0) -> 2.4644444 | JF15: =IFERROR(VLOOKUP($B15,[1]Sheet1!$A:$I,JF$12,0),0) -> 0 | JG15: =IFERROR(VLOOKUP($B15,[2]Sheet3!$A:$I,JG$12,0),0) -> 0 | JH15: =IFERROR(VLOOKUP($B15,[2]Sheet3!$A:$I,JH$12,0),0) -> 0 | JI15: =IFERROR(VLOOKUP($B15,[2]Sheet3!$A:$I,JI$12,0),0) -> 0.051944444 | JJ15: =IFERROR(VLOOKUP($B15,[2]Sheet3!$A:$I,JJ$12,0),0) -> 0.44166667 | JK15: =IFERROR(VLOOKUP($B15,[2]Sheet3!$A:$I,JK$12,0),0) -> 0.20166667 | JL15: =IFERROR(VLOOKUP($B15,[2]Sheet3!$A:$I,JL$12,0),0) -> 0 | JM15: =IFERROR(VLOOKUP($B15,[2]Sheet3!$A:$I,JM$12,0),0) -> 0 | JN15: 9.105 | JO15: 1 | JP15: 2.4525 | JQ15: 1 | JR15: 6.75 | JS15: 3 | JT15: 1.68 | JU15: 0 | JV15: 0.15 | JW15: 0 | JX15: 0 | JY15: 0 | JZ15: 0 | KA15: 0 | KB15: 0 | KC15: 0 | KD15: 0 | KE15: 0 | KF15: 0 | KG15: 0 | KH15: 0 | KI15: 0 | KJ15: 0 | KK15: 0 | KL15: 0 | KM15: 0 | KN15: 0 | KO15: 0 | KP15: 0 | KQ15: 0 | KR15: 0 | KS15: 0 | KT15: 0
A16: 777E | B16: RT405 | C16: 0 | D16: 0 | E16: 0 | F16: 0 | G16: 0 | H16: 0 | I16: 0 | J16: 0 | K16: 0 | L16: 0 | M16: 0 | N16: 0 | O16: 0 | P16: 0 | Q16: 0 | R16: 0 | S16: 0 | T16: 0 | U16: 0 | V16: 0 | W16: 0 | X16: 0 | Y16: 28.4 | Z16: 0 | AA16: 0 | AB16: 0 | AC16: 0 | AD16: 0 | AE16: 0 | AF16: 0 | AG16: 1.41 | AH16: 0 | AI16: 2.78 | AJ16: 0 | AK16: 0.95 | AL16: 1.4 | AM16: 0 | AN16: 1.94 | AO16: 2.97 | AP16: 0 | AQ16: 0 | AR16: 0 | AS16: 0 | AT16: 2.81 | AU16: 0 | AV16: 21.23 | AW16: 0 | AX16: 0 | AY16: 0 | AZ16: 3.57 | BA16: 0 | BB16: 0 | BC16: 0 | BD16: 0 | BE16: 0 | BF16: 0 | BG16: 4.83 | BH16: 0 | BI16: 0 | BJ16: 0 | BK16: 14.91 | BL16: 11.53 | BM16: 0 | BN16: 23.52 | BO16: 0 | BP16: 0 | BQ16: 0 | BR16: 0 | BS16: 0 | BT16: 0 | BU16: 0.97 | BV16: 0 | BW16: 0 | BX16: 0 | BY16: 0 | BZ16: 0 | CA16: 0 | CB16: 32.83 | CC16: 0 | CD16: 0 | CE16: 0 | CF16: 0 | CG16: 0 | CH16: 0.7 | CI16: 0 | CJ16: 0 | CK16: 0 | CL16: 0 | CM16: 0 | CN16: 0 | CO16: 22.67 | CP16: 0 | CQ16: 0 | CR16: 0 | CS16: 31.18 | CT16: 17.6 | CU16: 4.1 | CV16: 0.83 | CW16: 0 | CX16: 0 | CY16: 4.08 | CZ16: 0 | DA16: 0 | DB16: 2.2 | DC16: 0 | DD16: 0 | DE16: 5.12 | DF16: 0 | DG16: 0 | DH16: 0 | DI16: 1.84 | DJ16: 0 | DK16: 1.42 | DL16: 0 | DM16: 0 | DN16: 0 | DO16: 0 | DP16: 3.55 | DQ16: 0 | DR16: 0 | DS16: 2.83 | DT16: 1.91 | DU16: 5.05 | DV16: 0 | DW16: 0 | DX16: 3.15 | DY16: 4.59 | DZ16: 9.87 | EA16: 0 | EB16: 0 | EC16: 0 | ED16: 0 | EE16: 0 | EF16: 0 | EG16: 0 | EH16: 0 | EI16: 23.6 | EJ16: 0 | EK16: 0 | EL16: 18.98 | EM16: 0.62 | EN16: 0 | EO16: 3.93 | EP16: 0 | EQ16: 3.38 | ER16: 0 | ES16: 2.45 | ET16: 0 | EU16: 0 | EV16: 0 | EW16: 0 | EX16: 0 | EY16: 0 | EZ16: 0 | FA16: 0 | FB16: 0 | FC16: 0 | FD16: 0 | FE16: 0 | FF16: 0 | FG16: 0 | FH16: 0 | FI16: 12.48 | FJ16: 0 | FK16: 22.83 | FL16: 0 | FM16: 0 | FN16: 0 | FO16: 0 | FP16: 0.2 | FQ16: 9.23 | FR16: 7.95 | FS16: 1.9 | FT16: 0 | FU16: 14.65 | FV16: 0 | FW16: 9.88 | FX16: 0 | FY16: 2.78 | FZ16: 0 | GA16: 0 | GB16: 0 | GC16: 14.26 | GD16: 0 | GE16: 0 | GF16: 0 | GG16: 0 | GH16: 0 | GI16: 0 | GJ16: 0 | GK16: 0 | GL16: 0 | GM16: 10.27 | GN16: 0 | GO16: 0 | GP16: 0 | GQ16: 0 | GR16: 47.92 | GS16: 0 | GT16: 11.58 | GU16: 0 | GV16: 0 | GW16: 0 | GX16: 0 | GY16: 0 | GZ16: 0 | HA16: 0 | HB16: 0 | HC16: 0 | HD16: 0 | HE16: 0 | HF16: 0 | HG16: 0 | HH16: 0 | HI16: 0 | HJ16: 0 | HK16: 0 | HL16: 0 | HM16: 0 | HN16: 6.8033333 | HO16: 0 | HP16: 0 | HQ16: 0 | HR16: 0 | HS16: 0 | HT16: 0 | HU16: 0 | HV16: 0 | HW16: 0 | HX16: 0.18138889 | HY16: 4.3527778 | HZ16: 21.286389 | IA16: 8.2169444 | IB16: 0 | IC16: 0 | ID16: 0 | IE16: 0 | IF16: 3.8 | IG16: 0 | IH16: 0 | II16: 0 | IJ16: 0 | IK16: 14.2475 | IL16: 5.2391667 | IM16: 0 | IN16: 0 | IO16: 5.0302778 | IP16: 8.7713889 | IQ16: 6.1855556 | IR16: 10.138611 | IS16: 0.089166667 | IT16: 0.54888889 | IU16: 0 | IV16: 2.0688889 | IW16: 0 | IX16: 16.549444 | IY16: =IFERROR(VLOOKUP($B16,[1]Sheet1!$A:$I,IY$12,0),0) -> 20.853333 | IZ16: =IFERROR(VLOOKUP($B16,[1]Sheet1!$A:$I,IZ$12,0),0) -> 8.8505556 | JA16: =IFERROR(VLOOKUP($B16,[1]Sheet1!$A:$I,JA$12,0),0) -> 3.6025 | JB16: =IFERROR(VLOOKUP($B16,[1]Sheet1!$A:$I,JB$12,0),0) -> 0 | JC16: =IFERROR(VLOOKUP($B16,[1]Sheet1!$A:$I,JC$12,0),0) -> 0.053333333 | JD16: =IFERROR(VLOOKUP($B16,[1]Sheet1!$A:$I,JD$12,0),0) -> 0 | JE16: =IFERROR(VLOOKUP($B16,[1]Sheet1!$A:$I,JE$12,0),0) -> 0.015277778 | JF16: =IFERROR(VLOOKUP($B16,[1]Sheet1!$A:$I,JF$12,0),0) -> 0 | JG16: =IFERROR(VLOOKUP($B16,[2]Sheet3!$A:$I,JG$12,0),0) -> 0 | JH16: =IFERROR(VLOOKUP($B16,[2]Sheet3!$A:$I,JH$12,0),0) -> 0 | JI16: =IFERROR(VLOOKUP($B16,[2]Sheet3!$A:$I,JI$12,0),0) -> 14.799722 | JJ16: =IFERROR(VLOOKUP($B16,[2]Sheet3!$A:$I,JJ$12,0),0) -> 24 | JK16: =IFERROR(VLOOKUP($B16,[2]Sheet3!$A:$I,JK$12,0),0) -> 6.2894444 | JL16: =IFERROR(VLOOKUP($B16,[2]Sheet3!$A:$I,JL$12,0),0) -> 0 | JM16: 0 | JN16: 7.61 | JO16: 1 | JP16: 1 | JQ16: 1 | JR16: 13.062778 | JS16: 1 | JT16: 0.6 | JU16: =1.28+3.18 -> 4.46 | JV16: 0.15 | JW16: 0 | JX16: 0 | JY16: 0 | JZ16: 0 | KA16: 0 | KB16: 0 | KC16: 0 | KD16: 0 | KE16: 0 | KF16: 0 | KG16: 0 | KH16: 24 | KI16: 0 | KJ16: 0 | KK16: 0 | KL16: 0 | KM16: 0 | KN16: 0 | KO16: 0 | KP16: 0 | KQ16: 0 | KR16: 0 | KS16: 0 | KT16: 0
A17: 777E | B17: RT410 | C17: 0 | D17: 0 | E17: 0 | F17: 0 | G17: 0 | H17: 0 | I17: 0 | J17: 0 | K17: 1.25 | L17: 8.23 | M17: 36.37 | N17: 0 | O17: 42.82 | P17: 0 | Q17: 6.45 | R17: 9.8 | S17: 1.02 | T17: 5.43 | U17: 3.27 | V17: 8.67 | W17: 0 | X17: 0 | Y17: 20.92 | Z17: 8.72 | AA17: 0.68 | AB17: 0 | AC17: 0 | AD17: 39.12 | AE17: 0 | AF17: 15.23 | AG17: 4.57 | AH17: 1.97 | AI17: 0 | AJ17: 0 | AK17: 0 | AL17: 0 | AM17: 1.2 | AN17: 0 | AO17: 11.23 | AP17: 3.58 | AQ17: 2.82 | AR17: 0 | AS17: 0 | AT17: 0 | AU17: 3.77 | AV17: 0 | AW17: 0 | AX17: 0 | AY17: 22.5 | AZ17: 8.47 | BA17: 0 | BB17: 0 | BC17: 0 | BD17: 3.27 | BE17: 0 | BF17: 0 | BG17: 0 | BH17: 0 | BI17: 0 | BJ17: 26.36 | BK17: 0 | BL17: 6.72 | BM17: 0 | BN17: 1.18 | BO17: 16.43 | BP17: 0 | BQ17: 2.72 | BR17: 1.67 | BS17: 17.17 | BT17: 0 | BU17: 0 | BV17: 9.6 | BW17: 1.17 | BX17: 0 | BY17: 0 | BZ17: 3.53 | CA17: 0 | CB17: 0 | CC17: 0 | CD17: 1.99 | CE17: 0 | CF17: 0 | CG17: 0 | CH17: 0 | CI17: 1.78 | CJ17: 0 | CK17: 0 | CL17: 2.08 | CM17: 17.4 | CN17: 10.75 | CO17: 3.23 | CP17: 0 | CQ17: 0 | CR17: 0 | CS17: 0 | CT17: 0 | CU17: 4.22 | CV17: 0 | CW17: 0 | CX17: 0 | CY17: 3.4 | CZ17: 0 | DA17: 7.57 | DB17: 0 | DC17: 0 | DD17: 0 | DE17: 2.01 | DF17: 0 | DG17: 0 | DH17: 31.14 | DI17: 0 | DJ17: 4.01 | DK17: 0 | DL17: 0 | DM17: 0 | DN17: 0 | DO17: 4.48 | DP17: 4.55 | DQ17: 0 | DR17: 0 | DS17: 0 | DT17: 0 | DU17: 14.48 | DV17: 5.85 | DW17: 1.27 | DX17: 10.9 | DY17: 0 | DZ17: 5.77 | EA17: 0 | EB17: 0 | EC17: 0 | ED17: 0 | EE17: 0 | EF17: 0 | EG17: 0 | EH17: 0 | EI17: 0 | EJ17: 13.46 | EK17: 0 | EL17: 0 | EM17: 9.95 | EN17: 0 | EO17: 0 | EP17: 14.87 | EQ17: 0 | ER17: 0 | ES17: 0 | ET17: 5.03 | EU17: 0 | EV17: 0 | EW17: 0 | EX17: 0 | EY17: 0 | EZ17: 0 | FA17: 0 | FB17: 0 | FC17: 0 | FD17: 4.55 | FE17: 0 | FF17: 0 | FG17: 0 | FH17: 0 | FI17: 0 | FJ17: 0 | FK17: 0 | FL17: 0 | FM17: 5.12 | FN17: 0 | FO17: 17.52 | FP17: 0 | FQ17: 0 | FR17: 143.95 | FS17: 0 | FT17: 0 | FU17: 0 | FV17: 0 | FW17: 0 | FX17: 0 | FY17: 0 | FZ17: 0 | GA17: 0 | GB17: 0 | GC17: 0 | GD17: 0 | GE17: 0 | GF17: 6.63 | GG17: 11.7 | GH17: 22.48 | GI17: 0 | GJ17: 0.37 | GK17: 0 | GL17: 0 | GM17: 2.64 | GN17: 0 | GO17: 0 | GP17: 0 | GQ17: 0 | GR17: 0 | GS17: 0 | GT17: 0 | GU17: 0 | GV17: 0 | GW17: 34.67 | GX17: 0 | GY17: 0 | GZ17: 0 | HA17: 0 | HB17: 0 | HC17: 0 | HD17: 0 | HE17: 0 | HF17: 0 | HG17: 2.3536111 | HH17: 0 | HI17: 11.368889 | HJ17: 7.4633333 | HK17: 0 | HL17: 0 | HM17: 6.5044444 | HN17: 0.41055556 | HO17: 0 | HP17: 24.218889 | HQ17: 1.8311111 | HR17: 22.661389 | HS17: 0 | HT17: 8.0747222 | HU17: 6.4458333 | HV17: 2.3802778 | HW17: 0.09 | HX17: 3.4241667 | HY17: 0.2175 | HZ17: 7.7541667 | IA17: 0 | IB17: 0 | IC17: 0 | ID17: 0 | IE17: 0 | IF17: 1.85 | IG17: 0 | IH17: 87.75 | II17: 0 | IJ17: 67.63 | IK17: 0 | IL17: 0 | IM17: 0 | IN17: 0 | IO17: 0 | IP17: 0 | IQ17: 0 | IR17: 0 | IS17: 0 | IT17: 0 | IU17: 0.94888889 | IV17: 5.7930556 | IW17: 10.190833 | IX17: 0.96972222 | IY17: =IFERROR(VLOOKUP($B17,[1]Sheet1!$A:$I,IY$12,0),0) -> 6.7908333 | IZ17: =IFERROR(VLOOKUP($B17,[1]Sheet1!$A:$I,IZ$12,0),0) -> 8.8619444 | JA17: =IFERROR(VLOOKUP($B17,[1]Sheet1!$A:$I,JA$12,0),0) -> 0.51333333 | JB17: =IFERROR(VLOOKUP($B17,[1]Sheet1!$A:$I,JB$12,0),0) -> 0 | JC17: =IFERROR(VLOOKUP($B17,[1]Sheet1!$A:$I,JC$12,0),0) -> 0.92055556 | JD17: =IFERROR(VLOOKUP($B17,[1]Sheet1!$A:$I,JD$12,0),0) -> 5.8586111 | JE17: =IFERROR(VLOOKUP($B17,[1]Sheet1!$A:$I,JE$12,0),0) -> 0 | JF17: =IFERROR(VLOOKUP($B17,[1]Sheet1!$A:$I,JF$12,0),0) -> 0 | JG17: =IFERROR(VLOOKUP($B17,[2]Sheet3!$A:$I,JG$12,0),0) -> 0 | JH17: =IFERROR(VLOOKUP($B17,[2]Sheet3!$A:$I,JH$12,0),0) -> 0 | JI17: =IFERROR(VLOOKUP($B17,[2]Sheet3!$A:$I,JI$12,0),0) -> 6.6002778 | JJ17: =IFERROR(VLOOKUP($B17,[2]Sheet3!$A:$I,JJ$12,0),0) -> 0 | JK17: =IFERROR(VLOOKUP($B17,[2]Sheet3!$A:$I,JK$12,0),0) -> 0 | JL17: =IFERROR(VLOOKUP($B17,[2]Sheet3!$A:$I,JL$12,0),0) -> 4.7094444 | JM17: =IFERROR(VLOOKUP($B17,[2]Sheet3!$A:$I,JM$12,0),0) -> 0 | JN17: 1 | JO17: 1 | JP17: 9 | JQ17: 1.19 | JR17: 1 | JS17: 1 | JT17: 0 | JU17: 0 | JV17: 0 | JW17: 0 | JX17: 0 | JY17: 0 | JZ17: 0 | KA17: 0 | KB17: 0 | KC17: 0 | KD17: 0 | KE17: 0 | KF17: 0 | KG17: 0 | KH17: 0 | KI17: 0 | KJ17: 0 | KK17: 0 | KL17: 0 | KM17: 0 | KN17: 0 | KO17: 0 | KP17: 0 | KQ17: 0 | KR17: 0 | KS17: 0 | KT17: 0
A18: 777 | B18: RT406 | C18: 0 | D18: 54.12 | E18: 0 | F18: 0 | G18: 30.72 | H18: 7.15 | I18: 0 | J18: 11.71 | K18: 0 | L18: 3.22 | M18: 0 | N18: 1.22 | O18: 0 | P18: 3.18 | Q18: 0 | R18: 0 | S18: 0 | T18: 0 | U18: 0 | V18: 0 | W18: 0 | X18: 0 | Y18: 0 | Z18: 3.38 | AA18: 0 | AB18: 0 | AC18: 30.92 | AD18: 0 | AE18: 0 | AF18: 0 | AG18: 0 | AH18: 0 | AI18: 0 | AJ18: 0 | AK18: 0 | AL18: 1.84 | AM18: 0 | AN18: 0 | AO18: 0 | AP18: 0 | AQ18: 0 | AR18: 0 | AS18: 0 | AT18: 0 | AU18: 0 | AV18: 0 | AW18: 0 | AX18: 0 | AY18: 0 | AZ18: 0 | BA18: 0.4 | BB18: 0 | BC18: 0 | BD18: 22.6 | BE18: 0 | BF18: 0 | BG18: 0 | BH18: 0 | BI18: 5.17 | BJ18: 9.58 | BK18: 7.67 | BL18: 14.37 | BM18: 7.75 | BN18: 7.32 | BO18: 30.05 | BP18: 0 | BQ18: 0.87 | BR18: 3.48 | BS18: 5.23 | BT18: 0 | BU18: 0 | BV18: 0 | BW18: 0 | BX18: 24.85 | BY18: 16.17 | BZ18: 0 | CA18: 0 | CB18: 1.19 | CC18: 3.7 | CD18: 0 | CE18: 0 | CF18: 0 | CG18: 0 | CH18: 2.72 | CI18: 12.05 | CJ18: 0 | CK18: 0 | CL18: 1.44 | CM18: 0 | CN18: 0 | CO18: 0 | CP18: 0 | CQ18: 1.77 | CR18: 0 | CS18: 1.22 | CT18: 0 | CU18: 0 | CV18: 0 | CW18: 0 | CX18: 36.58 | CY18: 0 | CZ18: 1.5 | DA18: 0 | DB18: 9.75 | DC18: 1.7 | DD18: 0 | DE18: 0 | DF18: 1.57 | DG18: 0 | DH18: 0 | DI18: 0 | DJ18: 0 | DK18: 0 | DL18: 0 | DM18: 0 | DN18: 0 | DO18: 0 | DP18: 1.03 | DQ18: 1.12 | DR18: 0 | DS18: 0.95 | DT18: 7.75 | DU18: 0 | DV18: 0 | DW18: 0 | DX18: 0 | DY18: 0 | DZ18: 0 | EA18: 0 | EB18: 2.3 | EC18: 0 | ED18: 0 | EE18: 12.3 | EF18: 0 | EG18: 12.8 | EH18: 0 | EI18: 0 | EJ18: 0 | EK18: 0 | EL18: 0 | EM18: 2.93 | EN18: 0 | EO18: 0 | EP18: 7.03 | EQ18: 0 | ER18: 0 | ES18: 0 | ET18: 0 | EU18: 0 | EV18: 0 | EW18: 0 | EX18: 0 | EY18: 0 | EZ18: 0 | FA18: 0 | FB18: 0 | FC18: 0 | FD18: 4.12 | FE18: 0 | FF18: 0.5 | FG18: 0 | FH18: 0 | FI18: 0 | FJ18: 0 | FK18: 0 | FL18: 4.57 | FM18: 0 | FN18: 0 | FO18: 1.55 | FP18: 0 | FQ18: 0.02 | FR18: 0 | FS18: 0 | FT18: 23.2 | FU18: 0 | FV18: 0 | FW18: 0 | FX18: 2.91 | FY18: 0 | FZ18: 0 | GA18: 0 | GB18: 4.03 | GC18: 0 | GD18: 0 | GE18: 0 | GF18: 12.03 | GG18: 1.66 | GH18: 0 | GI18: 0 | GJ18: 4.38 | GK18: 0 | GL18: 0 | GM18: 0 | GN18: 0 | GO18: 0 | GP18: 0 | GQ18: 0 | GR18: 2.13 | GS18: 0 | GT18: 0 | GU18: 0 | GV18: 0 | GW18: 7.62 | GX18: 0 | GY18: 0 | GZ18: 0 | HA18: 0 | HB18: 0 | HC18: 0 | HD18: 0 | HE18: 0 | HF18: 0 | HG18: 0 | HH18: 0 | HI18: 0 | HJ18: 0 | HK18: 20.345556 | HL18: 24 | HM18: 20.678056 | HN18: 0.52166667 | HO18: 0 | HP18: 0 | HQ18: 0 | HR18: 0 | HS18: 9.3502778 | HT18: 0 | HU18: 0 | HV18: 0 | HW18: 2.7622222 | HX18: 0 | HY18: 0 | HZ18: 8.0547222 | IA18: 0 | IB18: 0 | IC18: 0 | ID18: 2.2 | IE18: 0 | IF18: 5.03 | IG18: 0 | IH18: 0 | II18: 0 | IJ18: 0 | IK18: 3.9416667 | IL18: 0 | IM18: 0 | IN18: 3.9075 | IO18: 0 | IP18: 0 | IQ18: 1.5244444 | IR18: 0 | IS18: 0.065555556 | IT18: 0 | IU18: 0 | IV18: 0.10416667 | IW18: 0.094444444 | IX18: 0 | IY18: =IFERROR(VLOOKUP($B18,[1]Sheet1!$A:$I,IY$12,0),0) -> 0.076111111 | IZ18: =IFERROR(VLOOKUP($B18,[1]Sheet1!$A:$I,IZ$12,0),0) -> 0.0525 | JA18: =IFERROR(VLOOKUP($B18,[1]Sheet1!$A:$I,JA$12,0),0) -> 1.7741667 | JB18: =IFERROR(VLOOKUP($B18,[1]Sheet1!$A:$I,JB$12,0),0) -> 5.9169444 | JC18: =IFERROR(VLOOKUP($B18,[1]Sheet1!$A:$I,JC$12,0),0) -> 0 | JD18: =IFERROR(VLOOKUP($B18,[1]Sheet1!$A:$I,JD$12,0),0) -> 0 | JE18: =IFERROR(VLOOKUP($B18,[1]Sheet1!$A:$I,JE$12,0),0) -> 0 | JF18: =IFERROR(VLOOKUP($B18,[1]Sheet1!$A:$I,JF$12,0),0) -> 0 | JG18: =IFERROR(VLOOKUP($B18,[2]Sheet3!$A:$I,JG$12,0),0) -> 0 | JH18: =IFERROR(VLOOKUP($B18,[2]Sheet3!$A:$I,JH$12,0),0) -> 4.8525 | JI18: =IFERROR(VLOOKUP($B18,[2]Sheet3!$A:$I,JI$12,0),0) -> 3.4041667 | JJ18: =IFERROR(VLOOKUP($B18,[2]Sheet3!$A:$I,JJ$12,0),0) -> 3.2097222 | JK18: =IFERROR(VLOOKUP($B18,[2]Sheet3!$A:$I,JK$12,0),0) -> 7.8713889 | JL18: =IFERROR(VLOOKUP($B18,[2]Sheet3!$A:$I,JL$12,0),0) -> 9.1402778 | JM18: =IFERROR(VLOOKUP($B18,[2]Sheet3!$A:$I,JM$12,0),0) -> 5.6944444 | JN18: 1 | JO18: 1 | JP18: 1 | JQ18: 1 | JR18: 1 | JS18: 9.7 | JT18: 4 | JU18: 0.33 | JV18: 1 | JW18: 0 | JX18: 0 | JY18: 0 | JZ18: 0 | KA18: 0 | KB18: 0 | KC18: 0 | KD18: 0 | KE18: 0 | KF18: 0 | KG18: 0 | KH18: 0 | KI18: 0 | KJ18: 0 | KK18: 0 | KL18: 0 | KM18: 0 | KN18: 0 | KO18: 0 | KP18: 0 | KQ18: 0 | KR18: 0 | KS18: 0 | KT18: 0
A19: 777 | B19: RT407 | C19: 0 | D19: 0 | E19: 0 | F19: 0 | G19: 0 | H19: 0 | I19: 0 | J19: 0 | K19: 3.55 | L19: 10.88 | M19: 0 | N19: 0 | O19: 0 | P19: 0 | Q19: 0 | R19: 2.55 | S19: 0 | T19: 0 | U19: 8.5 | V19: 8.65 | W19: 0 | X19: 0 | Y19: 0 | Z19: 0 | AA19: 0 | AB19: 0 | AC19: 0.58 | AD19: 0 | AE19: 0 | AF19: 0 | AG19: 0 | AH19: 0 | AI19: 0 | AJ19: 0 | AK19: 0 | AL19: 3.78 | AM19: 0.5 | AN19: 0 | AO19: 0 | AP19: 0 | AQ19: 1.28 | AR19: 2.3 | AS19: 11.28 | AT19: 18.18 | AU19: 0 | AV19: 0 | AW19: 0 | AX19: 6.08 | AY19: 0 | AZ19: 0 | BA19: 0 | BB19: 5.42 | BC19: 44.47 | BD19: 0 | BE19: 1.13 | BF19: 5.82 | BG19: 0 | BH19: 0 | BI19: 0 | BJ19: 0 | BK19: 0 | BL19: 2.37 | BM19: 0 | BN19: 0 | BO19: 0 | BP19: 0 | BQ19: 0 | BR19: 10.48 | BS19: 0 | BT19: 0 | BU19: 0 | BV19: 0 | BW19: 0 | BX19: 0 | BY19: 0 | BZ19: 0 | CA19: 0 | CB19: 0 | CC19: 0 | CD19: 0 | CE19: 0 | CF19: 12.4 | CG19: 0 | CH19: 0 | CI19: 9.97 | CJ19: 0 | CK19: 0 | CL19: 0 | CM19: 5.23 | CN19: 0 | CO19: 15.52 | CP19: 0.38 | CQ19: 0 | CR19: 0 | CS19: 10.7 | CT19: 0 | CU19: 0 | CV19: 0 | CW19: 3.42 | CX19: 0 | CY19: 0 | CZ19: 0 | DA19: 1 | DB19: 0 | DC19: 0 | DD19: 0.13 | DE19: 0 | DF19: 4.17 | DG19: 0 | DH19: 2.35 | DI19: 3.58 | DJ19: 170.27 | DK19: 0 | DL19: 0 | DM19: 0 | DN19: 0 | DO19: 0 | DP19: 0 | DQ19: 0 | DR19: 0 | DS19: 0 | DT19: 0.83 | DU19: 8.27 | DV19: 2.7 | DW19: 40.22 | DX19: 0 | DY19: 0 | DZ19: 0 | EA19: 1.15 | EB19: 0 | EC19: 0 | ED19: 0 | EE19: 0 | EF19: 0.85 | EG19: 9.7 | EH19: 0 | EI19: 0.45 | EJ19: 0 | EK19: 0 | EL19: 0 | EM19: 0.12 | EN19: 0 | EO19: 0 | EP19: 0 | EQ19: 0.9 | ER19: 0 | ES19: 0 | ET19: 0 | EU19: 3 | EV19: 0 | EW19: 0 | EX19: 0 | EY19: 0 | EZ19: 0 | FA19: 0 | FB19: 0 | FC19: 0 | FD19: 7.22 | FE19: 11.8 | FF19: 0 | FG19: 9.56 | FH19: 7.07 | FI19: 1.38 | FJ19: 0 | FK19: 0 | FL19: 0 | FM19: 0 | FN19: 0 | FO19: 0 | FP19: 0 | FQ19: 0 | FR19: 0 | FS19: 0 | FT19: 0 | FU19: 0 | FV19: 0 | FW19: 5.85 | FX19: 0 | FY19: 0 | FZ19: 0.18 | GA19: 0 | GB19: 0 | GC19: 0 | GD19: 0 | GE19: 1.87 | GF19: 0 | GG19: 0 | GH19: 0 | GI19: 0 | GJ19: 0 | GK19: 0 | GL19: 0 | GM19: 0 | GN19: 0 | GO19: 0 | GP19: 0 | GQ19: 2.37 | GR19: 6 | GS19: 0 | GT19: 7.45 | GU19: 0 | GV19: 153.35 | GW19: 0 | GX19: 0 | GY19: 0 | GZ19: 0 | HA19: 0 | HB19: 145.1 | HC19: 0 | HD19: 0 | HE19: 0 | HF19: 0 | HG19: 0 | HH19: 0 | HI19: 0 | HJ19: 0 | HK19: 1.0241667 | HL19: 0 | HM19: 3.5152778 | HN19: 1.0602778 | HO19: 0 | HP19: 0 | HQ19: 0 | HR19: 0 | HS19: 25.436667 | HT19: 24 | HU19: 24 | HV19: 20.266944 | HW19: 0.5225 | HX19: 0 | HY19: 3.5883333 | HZ19: 0 | IA19: 0 | IB19: 2.9972222 | IC19: 0 | ID19: 84.63 | IE19: 0 | IF19: 0 | IG19: 0 | IH19: 2.52 | II19: 0 | IJ19: 0 | IK19: 0 | IL19: 0 | IM19: 0 | IN19: 0 | IO19: 2.6233333 | IP19: 0 | IQ19: 0 | IR19: 24 | IS19: 24 | IT19: 24 | IU19: 6.9480556 | IV19: 0 | IW19: 0 | IX19: 0 | IY19: =IFERROR(VLOOKUP($B19,[1]Sheet1!$A:$I,IY$12,0),0) -> 3.6361111 | IZ19: =IFERROR(VLOOKUP($B19,[1]Sheet1!$A:$I,IZ$12,0),0) -> 0 | JA19: =IFERROR(VLOOKUP($B19,[1]Sheet1!$A:$I,JA$12,0),0) -> 0.059166667 | JB19: =IFERROR(VLOOKUP($B19,[1]Sheet1!$A:$I,JB$12,0),0) -> 0 | JC19: =IFERROR(VLOOKUP($B19,[1]Sheet1!$A:$I,JC$12,0),0) -> 0.071388889 | JD19: =IFERROR(VLOOKUP($B19,[1]Sheet1!$A:$I,JD$12,0),0) -> 0 | JE19: =IFERROR(VLOOKUP($B19,[1]Sheet1!$A:$I,JE$12,0),0) -> 0 | JF19: =IFERROR(VLOOKUP($B19,[1]Sheet1!$A:$I,JF$12,0),0) -> 0 | JG19: =IFERROR(VLOOKUP($B19,[2]Sheet3!$A:$I,JG$12,0),0) -> 0 | JH19: =IFERROR(VLOOKUP($B19,[2]Sheet3!$A:$I,JH$12,0),0) -> 4.2630556 | JI19: =IFERROR(VLOOKUP($B19,[2]Sheet3!$A:$I,JI$12,0),0) -> 0.0088888889 | JJ19: =IFERROR(VLOOKUP($B19,[2]Sheet3!$A:$I,JJ$12,0),0) -> 0 | JK19: =IFERROR(VLOOKUP($B19,[2]Sheet3!$A:$I,JK$12,0),0) -> 3.4313889 | JL19: =IFERROR(VLOOKUP($B19,[2]Sheet3!$A:$I,JL$12,0),0) -> 4.8025 | JM19: 3.45 | JN19: 0.42 | JO19: 1 | JP19: 1 | JQ19: 1.19 | JR19: 1 | JS19: 8.7 | JT19: 3.05 | JU19: 0 | JV19: 1 | JW19: 0 | JX19: 0 | JY19: 0 | JZ19: 0 | KA19: 0 | KB19: 0 | KC19: 0 | KD19: 0 | KE19: 0 | KF19: 0 | KG19: 0 | KH19: 0 | KI19: 0 | KJ19: 0 | KK19: 0 | KL19: 0 | KM19: 0 | KN19: 0 | KO19: 0 | KP19: 0 | KQ19: 0 | KR19: 0 | KS19: 0 | KT19: 0
A20: 777 | B20: RT408 | C20: 0 | D20: 0 | E20: 4.05 | F20: 0 | G20: 0 | H20: 4.22 | I20: 9.82 | J20: 18.15 | K20: 0 | L20: 0 | M20: 57.93 | N20: 0 | O20: 0 | P20: 11.28 | Q20: 15.32 | R20: 0 | S20: 0 | T20: 8.03 | U20: 7.8 | V20: 2.9 | W20: 2.2 | X20: 1.02 | Y20: 1.75 | Z20: 0 | AA20: 0 | AB20: 0 | AC20: 0 | AD20: 0 | AE20: 0 | AF20: 0 | AG20: 1.29 | AH20: 6.38 | AI20: 0 | AJ20: 0 | AK20: 0 | AL20: 0 | AM20: 0 | AN20: 1.84 | AO20: 0 | AP20: 0 | AQ20: 1.72 | AR20: 0 | AS20: 0 | AT20: 0 | AU20: 0 | AV20: 0 | AW20: 0 | AX20: 0 | AY20: 0 | AZ20: 0 | BA20: 10.9 | BB20: 0 | BC20: 0 | BD20: 4.27 | BE20: 0 | BF20: 0 | BG20: 0 | BH20: 0 | BI20: 0 | BJ20: 6.6 | BK20: 0 | BL20: 1.08 | BM20: 4.87 | BN20: 0 | BO20: 4.87 | BP20: 5.87 | BQ20: 0 | BR20: 0 | BS20: 1.55 | BT20: 19.63 | BU20: 0 | BV20: 0 | BW20: 0 | BX20: 0 | BY20: 0 | BZ20: 0 | CA20: 0 | CB20: 0 | CC20: 0 | CD20: 0 | CE20: 0 | CF20: 4.2 | CG20: 0 | CH20: 0 | CI20: 0 | CJ20: 0 | CK20: 1 | CL20: 0 | CM20: 0 | CN20: 0 | CO20: 0 | CP20: 0.8 | CQ20: 1.9 | CR20: 0 | CS20: 0 | CT20: 3.82 | CU20: 0 | CV20: 4.25 | CW20: 1.5 | CX20: 0 | CY20: 0 | CZ20: 0 | DA20: 0 | DB20: 0 | DC20: 0 | DD20: 2.88 | DE20: 21.22 | DF20: 29.65 | DG20: 0 | DH20: 0 | DI20: 0.4 | DJ20: 9.3 | DK20: 0 | DL20: 0 | DM20: 0 | DN20: 4.28 | DO20: 0 | DP20: 1.08 | DQ20: 2.23 | DR20: 0.37 | DS20: 1.27 | DT20: 0 | DU20: 5.9 | DV20: 1.29 | DW20: 0 | DX20: 0 | DY20: 0 | DZ20: 0 | EA20: 0 | EB20: 5.62 | EC20: 0 | ED20: 0 | EE20: 0 | EF20: 7 | EG20: 22.34 | EH20: 10.16 | EI20: 18.07 | EJ20: 0 | EK20: 0 | EL20: 24 | EM20: 24 | EN20: 24 | EO20: 12 | EP20: 0 | EQ20: 0 | ER20: 0 | ES20: 5.78 | ET20: 8.7 | EU20: 0 | EV20: 0 | EW20: 0 | EX20: 0 | EY20: 0 | EZ20: 0 | FA20: 0 | FB20: 0 | FC20: 0 | FD20: 9.08 | FE20: 14.65 | FF20: 0 | FG20: 0 | FH20: 0 | FI20: 0 | FJ20: 2.65 | FK20: 0 | FL20: 0 | FM20: 0 | FN20: 0 | FO20: 4.02 | FP20: 0 | FQ20: 0 | FR20: 0 | FS20: 18.1 | FT20: 12.18 | FU20: 0 | FV20: 5.13 | FW20: 7.37 | FX20: 0 | FY20: 0 | FZ20: 0 | GA20: 0 | GB20: 0 | GC20: 0 | GD20: 0 | GE20: 0 | GF20: 0 | GG20: 0 | GH20: 0 | GI20: 0 | GJ20: 0 | GK20: 6.32 | GL20: 0 | GM20: 0 | GN20: 0 | GO20: 0 | GP20: 0 | GQ20: 0 | GR20: 0 | GS20: 0 | GT20: 0 | GU20: 0 | GV20: 0 | GW20: 0 | GX20: 0 | GY20: 0 | GZ20: 0 | HA20: 0 | HB20: 0 | HC20: 0 | HD20: 0 | HE20: 0 | HF20: 0 | HG20: 0 | HH20: 0 | HI20: 0 | HJ20: 0 | HK20: 0 | HL20: 0 | HM20: 4.2547222 | HN20: 0 | HO20: 0 | HP20: 0 | HQ20: 0 | HR20: 0 | HS20: 0 | HT20: 0 | HU20: 0 | HV20: 2.2416667 | HW20: 0.42527778 | HX20: 18.001111 | HY20: 24 | HZ20: 2.8002778 | IA20: 0 | IB20: 0 | IC20: 0 | ID20: 0.97 | IE20: 18.25 | IF20: 0 | IG20: 0 | IH20: 0 | II20: 0 | IJ20: 19.73 | IK20: 1.8866667 | IL20: 9.3747222 | IM20: 1.7644444 | IN20: 0 | IO20: 10.12 | IP20: 6.8219444 | IQ20: 18.881389 | IR20: 0 | IS20: 12.957222 | IT20: 18.099444 | IU20: 21.540833 | IV20: 3.3966667 | IW20: 0 | IX20: 3.5672222 | IY20: =IFERROR(VLOOKUP($B20,[1]Sheet1!$A:$I,IY$12,0),0) -> 0 | IZ20: =IFERROR(VLOOKUP($B20,[1]Sheet1!$A:$I,IZ$12,0),0) -> 0 | JA20: =IFERROR(VLOOKUP($B20,[1]Sheet1!$A:$I,JA$12,0),0) -> 0 | JB20: =IFERROR(VLOOKUP($B20,[1]Sheet1!$A:$I,JB$12,0),0) -> 0 | JC20: =IFERROR(VLOOKUP($B20,[1]Sheet1!$A:$I,JC$12,0),0) -> 1.0694444 | JD20: =IFERROR(VLOOKUP($B20,[1]Sheet1!$A:$I,JD$12,0),0) -> 0.19444444 | JE20: =IFERROR(VLOOKUP($B20,[1]Sheet1!$A:$I,JE$12,0),0) -> 0 | JF20: =IFERROR(VLOOKUP($B20,[1]Sheet1!$A:$I,JF$12,0),0) -> 0 | JG20: =IFERROR(VLOOKUP($B20,[2]Sheet3!$A:$I,JG$12,0),0) -> 2.5438889 | JH20: =IFERROR(VLOOKUP($B20,[2]Sheet3!$A:$I,JH$12,0),0) -> 6.0494444 | JI20: =IFERROR(VLOOKUP($B20,[2]Sheet3!$A:$I,JI$12,0),0) -> 0.34444444 | JJ20: =IFERROR(VLOOKUP($B20,[2]Sheet3!$A:$I,JJ$12,0),0) -> 2.9336111 | JK20: =IFERROR(VLOOKUP($B20,[2]Sheet3!$A:$I,JK$12,0),0) -> 0 | JL20: =IFERROR(VLOOKUP($B20,[2]Sheet3!$A:$I,JL$12,0),0) -> 0.055277778 | JM20: =IFERROR(VLOOKUP($B20,[2]Sheet3!$A:$I,JM$12,0),0) -> 5.4838889 | JN20: 15.24 | JO20: 1 | JP20: 1 | JQ20: 1 | JR20: 1 | JS20: 1 | JT20: 3.95 | JU20: 0.13 | JV20: 1 | JW20: 0 | JX20: 0 | JY20: 0 | JZ20: 0 | KA20: 0 | KB20: 0 | KC20: 0 | KD20: 0 | KE20: 0 | KF20: 0 | KG20: 0 | KH20: 0 | KI20: 0 | KJ20: 0 | KK20: 0 | KL20: 0 | KM20: 0 | KN20: 0 | KO20: 0 | KP20: 0 | KQ20: 0 | KR20: 0 | KS20: 0 | KT20: 0
A21: 777 | B21: RT409 | C21: 0 | D21: 0 | E21: 0 | F21: 0 | G21: 0 | H21: 0 | I21: 0 | J21: 0 | K21: 0 | L21: 0 | M21: 0 | N21: 1 | O21: 0 | P21: 10.68 | Q21: 0 | R21: 0 | S21: 0 | T21: 0 | U21: 0 | V21: 0 | W21: 0 | X21: 0 | Y21: 0 | Z21: 0 | AA21: 22.65 | AB21: 0 | AC21: 0 | AD21: 0 | AE21: 2.5 | AF21: 0 | AG21: 0 | AH21: 0 | AI21: 1.61 | AJ21: 0 | AK21: 0 | AL21: 0 | AM21: 1 | AN21: 0 | AO21: 0 | AP21: 0 | AQ21: 2.43 | AR21: 0 | AS21: 0 | AT21: 9.52 | AU21: 0 | AV21: 0 | AW21: 0 | AX21: 0 | AY21: 0 | AZ21: 1.2 | BA21: 0 | BB21: 0 | BC21: 0 | BD21: 0 | BE21: 0 | BF21: 16.93 | BG21: 0 | BH21: 0 | BI21: 0 | BJ21: 0 | BK21: 0 | BL21: 0 | BM21: 0 | BN21: 0.18 | BO21: 0 | BP21: 13.47 | BQ21: 0 | BR21: 9.8 | BS21: 1.06 | BT21: 0 | BU21: 0 | BV21: 0 | BW21: 0 | BX21: 0 | BY21: 0 | BZ21: 0 | CA21: 0.27 | CB21: 0 | CC21: 11.62 | CD21: 0 | CE21: 0 | CF21: 0 | CG21: 0 | CH21: 0 | CI21: 0 | CJ21: 15.35 | CK21: 0 | CL21: 0 | CM21: 0 | CN21: 0 | CO21: 0 | CP21: 0 | CQ21: 0 | CR21: 0 | CS21: 0 | CT21: 0 | CU21: 0 | CV21: 0 | CW21: 0 | CX21: 0 | CY21: 0 | CZ21: 0 | DA21: 0.53 | DB21: 0 | DC21: 8.92 | DD21: 0 | DE21: 0 | DF21: 0 | DG21: 0 | DH21: 0 | DI21: 0 | DJ21: 0 | DK21: 0 | DL21: 1.35 | DM21: 8.03 | DN21: 0 | DO21: 0 | DP21: 0 | DQ21: 0 | DR21: 0 | DS21: 0 | DT21: 0 | DU21: 0 | DV21: 6.95 | DW21: 1.61 | DX21: 0 | DY21: 0 | DZ21: 10.64 | EA21: 3.88 | EB21: 0 | EC21: 12.2 | ED21: 0 | EE21: 0 | EF21: 0 | EG21: 0 | EH21: 0 | EI21: 0 | EJ21: 0 | EK21: 0 | EL21: 0 | EM21: 0 | EN21: 8.5 | EO21: 1.6 | EP21: 0 | EQ21: 5.07 | ER21: 0 | ES21: 11.83 | ET21: 8.95 | EU21: 0 | EV21: 0 | EW21: 0 | EX21: 0 | EY21: 0 | EZ21: 0 | FA21: 0 | FB21: 0 | FC21: 0 | FD21: 7.82 | FE21: 5.8 | FF21: 0 | FG21: 1.99 | FH21: 0 | FI21: 0 | FJ21: 0 | FK21: 0 | FL21: 0 | FM21: 14.73 | FN21: 0 | FO21: 0 | FP21: 0 | FQ21: 0.74 | FR21: 0 | FS21: 0 | FT21: 3.3 | FU21: 0 | FV21: 0 | FW21: 0 | FX21: 0 | FY21: 0 | FZ21: 0 | GA21: 40.8 | GB21: 18.3 | GC21: 0 | GD21: 0 | GE21: 0.58 | GF21: 0 | GG21: 0 | GH21: 0 | GI21: 5.23 | GJ21: 0 | GK21: 0 | GL21: 0 | GM21: 0 | GN21: 0 | GO21: 0 | GP21: 0 | GQ21: 0.83 | GR21: 0 | GS21: 0 | GT21: 0 | GU21: 0 | GV21: 0 | GW21: 0 | GX21: 0 | GY21: 0 | GZ21: 0 | HA21: 0 | HB21: 0 | HC21: 0 | HD21: 0 | HE21: 0 | HF21: 0 | HG21: 0 | HH21: 0 | HI21: 0 | HJ21: 0.065555556 | HK21: 0 | HL21: 0 | HM21: 0 | HN21: 0.76972222 | HO21: 0 | HP21: 0 | HQ21: 4.0333333 | HR21: 0 | HS21: 7.7177778 | HT21: 0 | HU21: 0 | HV21: 0 | HW21: 0 | HX21: 0 | HY21: 0 | HZ21: 0 | IA21: 0 | IB21: 0 | IC21: 0 | ID21: 0 | IE21: 3.38 | IF21: 0 | IG21: 0.42 | IH21: 0 | II21: 0 | IJ21: 0 | IK21: 0 | IL21: 12.915833 | IM21: 24 | IN21: 24 | IO21: 24 | IP21: 24 | IQ21: 4.4758333 | IR21: 20.983333 | IS21: 24.241111 | IT21: 21.794722 | IU21: 6.3186111 | IV21: 0 | IW21: 0.04 | IX21: 0 | IY21: =IFERROR(VLOOKUP($B21,[1]Sheet1!$A:$I,IY$12,0),0) -> 5.27 | IZ21: =IFERROR(VLOOKUP($B21,[1]Sheet1!$A:$I,IZ$12,0),0) -> 0.27583333 | JA21: =IFERROR(VLOOKUP($B21,[1]Sheet1!$A:$I,JA$12,0),0) -> 0 | JB21: =IFERROR(VLOOKUP($B21,[1]Sheet1!$A:$I,JB$12,0),0) -> 0 | JC21: =IFERROR(VLOOKUP($B21,[1]Sheet1!$A:$I,JC$12,0),0) -> 3.5225 | JD21: =IFERROR(VLOOKUP($B21,[1]Sheet1!$A:$I,JD$12,0),0) -> 14.914167 | JE21: =IFERROR(VLOOKUP($B21,[1]Sheet1!$A:$I,JE$12,0),0) -> 6.4116667 | JF21: =IFERROR(VLOOKUP($B21,[1]Sheet1!$A:$I,JF$12,0),0) -> 2.2466667 | JG21: =IFERROR(VLOOKUP($B21,[2]Sheet3!$A:$I,JG$12,0),0) -> 0.6425 | JH21: =IFERROR(VLOOKUP($B21,[2]Sheet3!$A:$I,JH$12,0),0) -> 0 | JI21: =IFERROR(VLOOKUP($B21,[2]Sheet3!$A:$I,JI$12,0),0) -> 0 | JJ21: =IFERROR(VLOOKUP($B21,[2]Sheet3!$A:$I,JJ$12,0),0) -> 0 | JK21: =IFERROR(VLOOKUP($B21,[2]Sheet3!$A:$I,JK$12,0),0) -> 4.2933333 | JL21: =IFERROR(VLOOKUP($B21,[2]Sheet3!$A:$I,JL$12,0),0) -> 6.4938889 | JM21: =IFERROR(VLOOKUP($B21,[2]Sheet3!$A:$I,JM$12,0),0) -> 0.37083333 | JN21: 1 | JO21: 1 | JP21: 5.07 | JQ21: 1 | JR21: 0.43 | JS21: 1 | JT21: 0.42 | JU21: 13 | JV21: 1 | JW21: 0 | JX21: 0 | JY21: 0 | JZ21: 0 | KA21: 0 | KB21: 0 | KC21: 0 | KD21: 0 | KE21: 0 | KF21: 0 | KG21: 0 | KH21: 0 | KI21: 0 | KJ21: 0 | KK21: 0 | KL21: 0 | KM21: 0 | KN21: 0 | KO21: 0 | KP21: 0 | KQ21: 0 | KR21: 0 | KS21: 0 | KT21: 0
A22: =COUNTIF(A13:A21,B22) -> 5 | B22: 777E | C22: =IF(OR(C13="",C14="",C15="",C16="",C17="",C18="",C19="",C20="",C21=""),"",SUMIF($A$13:$A$21,$B22,C$13:C$21)) -> 0 | D22: =IF(OR(D13="",D14="",D15="",D16="",D17="",D18="",D19="",D20="",D21=""),"",SUMIF($A$13:$A$21,$B22,D$13:D$21)) -> 0 | E22: =IF(OR(E13="",E14="",E15="",E16="",E17="",E18="",E19="",E20="",E21=""),"",SUMIF($A$13:$A$21,$B22,E$13:E$21)) -> 2.4 | F22: =IF(OR(F13="",F14="",F15="",F16="",F17="",F18="",F19="",F20="",F21=""),"",SUMIF($A$13:$A$21,$B22,F$13:F$21)) -> 0 | G22: =IF(OR(G13="",G14="",G15="",G16="",G17="",G18="",G19="",G20="",G21=""),"",SUMIF($A$13:$A$21,$B22,G$13:G$21)) -> 0 | H22: =IF(OR(H13="",H14="",H15="",H16="",H17="",H18="",H19="",H20="",H21=""),"",SUMIF($A$13:$A$21,$B22,H$13:H$21)) -> 7.22 | I22: =IF(OR(I13="",I14="",I15="",I16="",I17="",I18="",I19="",I20="",I21=""),"",SUMIF($A$13:$A$21,$B22,I$13:I$21)) -> 1.47 | J22: =IF(OR(J13="",J14="",J15="",J16="",J17="",J18="",J19="",J20="",J21=""),"",SUMIF($A$13:$A$21,$B22,J$13:J$21)) -> 26.5 | ... EE22: =IF(OR(EE13="",EE14="",EE15="",EE16="",EE17="",EE18="",EE19="",EE20="",EE21=""),"",SUMIF($A$13:$A$21,$B22,EE$13:EE$21)) -> 47.23 | EF22: =IFERROR(VLOOKUP($B22,[3]ss!$A:$N,EF$12,0),0) -> 0 | EG22: =IF(OR(EG13="",EG14="",EG15="",EG16="",EG17="",EG18="",EG19="",EG20="",EG21=""),"",SUMIF($A$13:$A$21,$B22,EG$13:EG$21)) -> 39.92 | EH22: =IF(OR(EH13="",EH14="",EH15="",EH16="",EH17="",EH18="",EH19="",EH20="",EH21=""),"",SUMIF($A$13:$A$21,$B22,EH$13:EH$21)) -> 0.37 | EI22: =IF(OR(EI13="",EI14="",EI15="",EI16="",EI17="",EI18="",EI19="",EI20="",EI21=""),"",SUMIF($A$13:$A$21,$B22,EI$13:EI$21)) -> 28.88 | EJ22: =IF(OR(EJ13="",EJ14="",EJ15="",EJ16="",EJ17="",EJ18="",EJ19="",EJ20="",EJ21=""),"",SUMIF($A$13:$A$21,$B22,EJ$13:EJ$21)) -> 13.46 | EK22: =IF(OR(EK13="",EK14="",EK15="",EK16="",EK17="",EK18="",EK19="",EK20="",EK21=""),"",SUMIF($A$13:$A$21,$B22,EK$13:EK$21)) -> 7.9 | EL22: =IF(OR(EL13="",EL14="",EL15="",EL16="",EL17="",EL18="",EL19="",EL20="",EL21=""),"",SUMIF($A$13:$A$21,$B22,EL$13:EL$21)) -> 25.15 | EM22: =IF(OR(EM13="",EM14="",EM15="",EM16="",EM17="",EM18="",EM19="",EM20="",EM21=""),"",SUMIF($A$13:$A$21,$B22,EM$13:EM$21)) -> 10.57 | EN22: =IF(OR(EN13="",EN14="",EN15="",EN16="",EN17="",EN18="",EN19="",EN20="",EN21=""),"",SUMIF($A$13:$A$21,$B22,EN$13:EN$21)) -> 2.1 | ... EV22: =IF(OR(EV13="",EV14="",EV15="",EV16="",EV17="",EV18="",EV19="",EV20="",EV21=""),"",SUMIF($A$13:$A$21,$B22,EV$13:EV$21)) -> 0 | EW22: 0 | EX22: =IF(OR(EX13="",EX14="",EX15="",EX16="",EX17="",EX18="",EX19="",EX20="",EX21=""),"",SUMIF($A$13:$A$21,$B22,EX$13:EX$21)) -> 0 | EY22: =IF(OR(EY13="",EY14="",EY15="",EY16="",EY17="",EY18="",EY19="",EY20="",EY21=""),"",SUMIF($A$13:$A$21,$B22,EY$13:EY$21)) -> 0 | EZ22: =IF(OR(EZ13="",EZ14="",EZ15="",EZ16="",EZ17="",EZ18="",EZ19="",EZ20="",EZ21=""),"",SUMIF($A$13:$A$21,$B22,EZ$13:EZ$21)) -> 0 | FA22: =IF(OR(FA13="",FA14="",FA15="",FA16="",FA17="",FA18="",FA19="",FA20="",FA21=""),"",SUMIF($A$13:$A$21,$B22,FA$13:FA$21)) -> 0 | FB22: =IF(OR(FB13="",FB14="",FB15="",FB16="",FB17="",FB18="",FB19="",FB20="",FB21=""),"",SUMIF($A$13:$A$21,$B22,FB$13:FB$21)) -> 0 | FC22: =IF(OR(FC13="",FC14="",FC15="",FC16="",FC17="",FC18="",FC19="",FC20="",FC21=""),"",SUMIF($A$13:$A$21,$B22,FC$13:FC$21)) -> 0 | FD22: =IF(OR(FD13="",FD14="",FD15="",FD16="",FD17="",FD18="",FD19="",FD20="",FD21=""),"",SUMIF($A$13:$A$21,$B22,FD$13:FD$21)) -> 4.55 | FE22: =IF(OR(FE13="",FE14="",FE15="",FE16="",FE17="",FE18="",FE19="",FE20="",FE21=""),"",SUMIF($A$13:$A$21,$B22,FE$13:FE$21)) -> 27.13 | ... SW22: =IF(OR(SW13="",SW14="",SW15="",SW16="",SW17="",SW18="",SW19="",SW20="",SW21=""),"",SUMIF($A$13:$A$21,$B22,SW$13:SW$21))
A23: =COUNTIF(A13:A21,B23) -> 4 | B23: 777 | C23: =IF(OR(C13="",C14="",C15="",C16="",C17="",C18="",C19="",C20="",C21=""),"",SUMIF($A$13:$A$21,$B23,C$13:C$21)) -> 0 | D23: =IF(OR(D13="",D14="",D15="",D16="",D17="",D18="",D19="",D20="",D21=""),"",SUMIF($A$13:$A$21,$B23,D$13:D$21)) -> 54.12 | E23: =IF(OR(E13="",E14="",E15="",E16="",E17="",E18="",E19="",E20="",E21=""),"",SUMIF($A$13:$A$21,$B23,E$13:E$21)) -> 4.05 | F23: =IF(OR(F13="",F14="",F15="",F16="",F17="",F18="",F19="",F20="",F21=""),"",SUMIF($A$13:$A$21,$B23,F$13:F$21)) -> 0 | G23: =IF(OR(G13="",G14="",G15="",G16="",G17="",G18="",G19="",G20="",G21=""),"",SUMIF($A$13:$A$21,$B23,G$13:G$21)) -> 30.72 | H23: =IF(OR(H13="",H14="",H15="",H16="",H17="",H18="",H19="",H20="",H21=""),"",SUMIF($A$13:$A$21,$B23,H$13:H$21)) -> 11.37 | I23: =IF(OR(I13="",I14="",I15="",I16="",I17="",I18="",I19="",I20="",I21=""),"",SUMIF($A$13:$A$21,$B23,I$13:I$21)) -> 9.82 | J23: =IF(OR(J13="",J14="",J15="",J16="",J17="",J18="",J19="",J20="",J21=""),"",SUMIF($A$13:$A$21,$B23,J$13:J$21)) -> 29.86 | ... EE23: =IF(OR(EE13="",EE14="",EE15="",EE16="",EE17="",EE18="",EE19="",EE20="",EE21=""),"",SUMIF($A$13:$A$21,$B23,EE$13:EE$21)) -> 12.3 | EF23: =IFERROR(VLOOKUP($B23,[3]ss!$A:$N,EF$12,0),0) -> 0 | EG23: =IF(OR(EG13="",EG14="",EG15="",EG16="",EG17="",EG18="",EG19="",EG20="",EG21=""),"",SUMIF($A$13:$A$21,$B23,EG$13:EG$21)) -> 44.84 | EH23: =IF(OR(EH13="",EH14="",EH15="",EH16="",EH17="",EH18="",EH19="",EH20="",EH21=""),"",SUMIF($A$13:$A$21,$B23,EH$13:EH$21)) -> 10.16 | EI23: =IF(OR(EI13="",EI14="",EI15="",EI16="",EI17="",EI18="",EI19="",EI20="",EI21=""),"",SUMIF($A$13:$A$21,$B23,EI$13:EI$21)) -> 18.52 | EJ23: =IF(OR(EJ13="",EJ14="",EJ15="",EJ16="",EJ17="",EJ18="",EJ19="",EJ20="",EJ21=""),"",SUMIF($A$13:$A$21,$B23,EJ$13:EJ$21)) -> 0 | EK23: =IF(OR(EK13="",EK14="",EK15="",EK16="",EK17="",EK18="",EK19="",EK20="",EK21=""),"",SUMIF($A$13:$A$21,$B23,EK$13:EK$21)) -> 0 | EL23: =IF(OR(EL13="",EL14="",EL15="",EL16="",EL17="",EL18="",EL19="",EL20="",EL21=""),"",SUMIF($A$13:$A$21,$B23,EL$13:EL$21)) -> 24 | EM23: =IF(OR(EM13="",EM14="",EM15="",EM16="",EM17="",EM18="",EM19="",EM20="",EM21=""),"",SUMIF($A$13:$A$21,$B23,EM$13:EM$21)) -> 27.05 | EN23: =IF(OR(EN13="",EN14="",EN15="",EN16="",EN17="",EN18="",EN19="",EN20="",EN21=""),"",SUMIF($A$13:$A$21,$B23,EN$13:EN$21)) -> 32.5 | ... EV23: =IF(OR(EV13="",EV14="",EV15="",EV16="",EV17="",EV18="",EV19="",EV20="",EV21=""),"",SUMIF($A$13:$A$21,$B23,EV$13:EV$21)) -> 0 | EW23: 0 | EX23: =IF(OR(EX13="",EX14="",EX15="",EX16="",EX17="",EX18="",EX19="",EX20="",EX21=""),"",SUMIF($A$13:$A$21,$B23,EX$13:EX$21)) -> 0 | EY23: =IF(OR(EY13="",EY14="",EY15="",EY16="",EY17="",EY18="",EY19="",EY20="",EY21=""),"",SUMIF($A$13:$A$21,$B23,EY$13:EY$21)) -> 0 | EZ23: =IF(OR(EZ13="",EZ14="",EZ15="",EZ16="",EZ17="",EZ18="",EZ19="",EZ20="",EZ21=""),"",SUMIF($A$13:$A$21,$B23,EZ$13:EZ$21)) -> 0 | FA23: =IF(OR(FA13="",FA14="",FA15="",FA16="",FA17="",FA18="",FA19="",FA20="",FA21=""),"",SUMIF($A$13:$A$21,$B23,FA$13:FA$21)) -> 0 | FB23: =IF(OR(FB13="",FB14="",FB15="",FB16="",FB17="",FB18="",FB19="",FB20="",FB21=""),"",SUMIF($A$13:$A$21,$B23,FB$13:FB$21)) -> 0 | FC23: =IF(OR(FC13="",FC14="",FC15="",FC16="",FC17="",FC18="",FC19="",FC20="",FC21=""),"",SUMIF($A$13:$A$21,$B23,FC$13:FC$21)) -> 0 | FD23: =IF(OR(FD13="",FD14="",FD15="",FD16="",FD17="",FD18="",FD19="",FD20="",FD21=""),"",SUMIF($A$13:$A$21,$B23,FD$13:FD$21)) -> 28.24 | FE23: =IF(OR(FE13="",FE14="",FE15="",FE16="",FE17="",FE18="",FE19="",FE20="",FE21=""),"",SUMIF($A$13:$A$21,$B23,FE$13:FE$21)) -> 32.25 | ... SW23: =IF(OR(SW13="",SW14="",SW15="",SW16="",SW17="",SW18="",SW19="",SW20="",SW21=""),"",SUMIF($A$13:$A$21,$B23,SW$13:SW$21))
A24: =SUM(A22:A23) -> 9
B26: MA DAILY
A27: 777E | B27: RT401 | C27: =IF(OR(C$13="",C$17="",C$14="",C$15="",C$16="",C$18="",C$19="",C$20="",C$21=""),"",1-(C13/(C$1*24))) -> 1 | D27: =IF(OR(D$13="",D$17="",D$14="",D$15="",D$16="",D$18="",D$19="",D$20="",D$21=""),"",1-(D13/(D$1*24))) -> 1 | E27: =IF(OR(E$13="",E$17="",E$14="",E$15="",E$16="",E$18="",E$19="",E$20="",E$21=""),"",1-(E13/(E$1*24))) -> 0.9 | F27: =IF(OR(F$13="",F$17="",F$14="",F$15="",F$16="",F$18="",F$19="",F$20="",F$21=""),"",1-(F13/(F$1*24))) -> 1 | G27: =IF(OR(G$13="",G$17="",G$14="",G$15="",G$16="",G$18="",G$19="",G$20="",G$21=""),"",1-(G13/(G$1*24))) -> 1 | H27: =IF(OR(H$13="",H$17="",H$14="",H$15="",H$16="",H$18="",H$19="",H$20="",H$21=""),"",1-(H13/(H$1*24))) -> 0.69916667 | I27: =IF(OR(I$13="",I$17="",I$14="",I$15="",I$16="",I$18="",I$19="",I$20="",I$21=""),"",1-(I13/(I$1*24))) -> 0.93875 | J27: =IF(OR(J$13="",J$17="",J$14="",J$15="",J$16="",J$18="",J$19="",J$20="",J$21=""),"",1-(J13/(J$1*24))) -> -0.10416667 | ... SW27: =IF(OR(SW$13="",SW$17="",SW$14="",SW$15="",SW$16="",SW$18="",SW$19="",SW$20="",SW$21=""),"",1-(SW13/(SW$1*24)))
A28: 777E | B28: RT403 | C28: =IF(OR(C$13="",C$17="",C$14="",C$15="",C$16="",C$18="",C$19="",C$20="",C$21=""),"",1-(C14/(C$1*24))) -> 1 | D28: =IF(OR(D$13="",D$17="",D$14="",D$15="",D$16="",D$18="",D$19="",D$20="",D$21=""),"",1-(D14/(D$1*24))) -> 1 | E28: =IF(OR(E$13="",E$17="",E$14="",E$15="",E$16="",E$18="",E$19="",E$20="",E$21=""),"",1-(E14/(E$1*24))) -> 1 | F28: =IF(OR(F$13="",F$17="",F$14="",F$15="",F$16="",F$18="",F$19="",F$20="",F$21=""),"",1-(F14/(F$1*24))) -> 1 | G28: =IF(OR(G$13="",G$17="",G$14="",G$15="",G$16="",G$18="",G$19="",G$20="",G$21=""),"",1-(G14/(G$1*24))) -> 1 | H28: =IF(OR(H$13="",H$17="",H$14="",H$15="",H$16="",H$18="",H$19="",H$20="",H$21=""),"",1-(H14/(H$1*24))) -> 1 | I28: =IF(OR(I$13="",I$17="",I$14="",I$15="",I$16="",I$18="",I$19="",I$20="",I$21=""),"",1-(I14/(I$1*24))) -> 1 | J28: =IF(OR(J$13="",J$17="",J$14="",J$15="",J$16="",J$18="",J$19="",J$20="",J$21=""),"",1-(J14/(J$1*24))) -> 1 | ... SW28: =IF(OR(SW$13="",SW$17="",SW$14="",SW$15="",SW$16="",SW$18="",SW$19="",SW$20="",SW$21=""),"",1-(SW14/(SW$1*24)))
A29: 777E | B29: RT404 | C29: =IF(OR(C$13="",C$17="",C$14="",C$15="",C$16="",C$18="",C$19="",C$20="",C$21=""),"",1-(C15/(C$1*24))) -> 1 | D29: =IF(OR(D$13="",D$17="",D$14="",D$15="",D$16="",D$18="",D$19="",D$20="",D$21=""),"",1-(D15/(D$1*24))) -> 1 | E29: =IF(OR(E$13="",E$17="",E$14="",E$15="",E$16="",E$18="",E$19="",E$20="",E$21=""),"",1-(E15/(E$1*24))) -> 1 | F29: =IF(OR(F$13="",F$17="",F$14="",F$15="",F$16="",F$18="",F$19="",F$20="",F$21=""),"",1-(F15/(F$1*24))) -> 1 | G29: =IF(OR(G$13="",G$17="",G$14="",G$15="",G$16="",G$18="",G$19="",G$20="",G$21=""),"",1-(G15/(G$1*24))) -> 1 | H29: =IF(OR(H$13="",H$17="",H$14="",H$15="",H$16="",H$18="",H$19="",H$20="",H$21=""),"",1-(H15/(H$1*24))) -> 1 | I29: =IF(OR(I$13="",I$17="",I$14="",I$15="",I$16="",I$18="",I$19="",I$20="",I$21=""),"",1-(I15/(I$1*24))) -> 1 | J29: =IF(OR(J$13="",J$17="",J$14="",J$15="",J$16="",J$18="",J$19="",J$20="",J$21=""),"",1-(J15/(J$1*24))) -> 1 | ... SW29: =IF(OR(SW$13="",SW$17="",SW$14="",SW$15="",SW$16="",SW$18="",SW$19="",SW$20="",SW$21=""),"",1-(SW15/(SW$1*24)))
A30: 777E | B30: RT405 | C30: =IF(OR(C$13="",C$17="",C$14="",C$15="",C$16="",C$18="",C$19="",C$20="",C$21=""),"",1-(C16/(C$1*24))) -> 1 | D30: =IF(OR(D$13="",D$17="",D$14="",D$15="",D$16="",D$18="",D$19="",D$20="",D$21=""),"",1-(D16/(D$1*24))) -> 1 | E30: =IF(OR(E$13="",E$17="",E$14="",E$15="",E$16="",E$18="",E$19="",E$20="",E$21=""),"",1-(E16/(E$1*24))) -> 1 | F30: =IF(OR(F$13="",F$17="",F$14="",F$15="",F$16="",F$18="",F$19="",F$20="",F$21=""),"",1-(F16/(F$1*24))) -> 1 | G30: =IF(OR(G$13="",G$17="",G$14="",G$15="",G$16="",G$18="",G$19="",G$20="",G$21=""),"",1-(G16/(G$1*24))) -> 1 | H30: =IF(OR(H$13="",H$17="",H$14="",H$15="",H$16="",H$18="",H$19="",H$20="",H$21=""),"",1-(H16/(H$1*24))) -> 1 | I30: =IF(OR(I$13="",I$17="",I$14="",I$15="",I$16="",I$18="",I$19="",I$20="",I$21=""),"",1-(I16/(I$1*24))) -> 1 | J30: =IF(OR(J$13="",J$17="",J$14="",J$15="",J$16="",J$18="",J$19="",J$20="",J$21=""),"",1-(J16/(J$1*24))) -> 1 | ... SW30: =IF(OR(SW$13="",SW$17="",SW$14="",SW$15="",SW$16="",SW$18="",SW$19="",SW$20="",SW$21=""),"",1-(SW16/(SW$1*24)))
A31: 777E | B31: RT410 | C31: =IF(OR(C$13="",C$17="",C$14="",C$15="",C$16="",C$18="",C$19="",C$20="",C$21=""),"",1-(C17/(C$1*24))) -> 1 | D31: =IF(OR(D$13="",D$17="",D$14="",D$15="",D$16="",D$18="",D$19="",D$20="",D$21=""),"",1-(D17/(D$1*24))) -> 1 | E31: =IF(OR(E$13="",E$17="",E$14="",E$15="",E$16="",E$18="",E$19="",E$20="",E$21=""),"",1-(E17/(E$1*24))) -> 1 | F31: =IF(OR(F$13="",F$17="",F$14="",F$15="",F$16="",F$18="",F$19="",F$20="",F$21=""),"",1-(F17/(F$1*24))) -> 1 | G31: =IF(OR(G$13="",G$17="",G$14="",G$15="",G$16="",G$18="",G$19="",G$20="",G$21=""),"",1-(G17/(G$1*24))) -> 1 | H31: =IF(OR(H$13="",H$17="",H$14="",H$15="",H$16="",H$18="",H$19="",H$20="",H$21=""),"",1-(H17/(H$1*24))) -> 1 | I31: =IF(OR(I$13="",I$17="",I$14="",I$15="",I$16="",I$18="",I$19="",I$20="",I$21=""),"",1-(I17/(I$1*24))) -> 1 | J31: =IF(OR(J$13="",J$17="",J$14="",J$15="",J$16="",J$18="",J$19="",J$20="",J$21=""),"",1-(J17/(J$1*24))) -> 1 | ... SW31: =IF(OR(SW$13="",SW$17="",SW$14="",SW$15="",SW$16="",SW$18="",SW$19="",SW$20="",SW$21=""),"",1-(SW17/(SW$1*24)))
A32: 777 | B32: RT406 | C32: =IF(OR(C$13="",C$17="",C$14="",C$15="",C$16="",C$18="",C$19="",C$20="",C$21=""),"",1-(C18/(C$1*24))) -> 1 | D32: =IF(OR(D$13="",D$17="",D$14="",D$15="",D$16="",D$18="",D$19="",D$20="",D$21=""),"",1-(D18/(D$1*24))) -> -1.255 | E32: =IF(OR(E$13="",E$17="",E$14="",E$15="",E$16="",E$18="",E$19="",E$20="",E$21=""),"",1-(E18/(E$1*24))) -> 1 | F32: =IF(OR(F$13="",F$17="",F$14="",F$15="",F$16="",F$18="",F$19="",F$20="",F$21=""),"",1-(F18/(F$1*24))) -> 1 | G32: =IF(OR(G$13="",G$17="",G$14="",G$15="",G$16="",G$18="",G$19="",G$20="",G$21=""),"",1-(G18/(G$1*24))) -> -0.28 | H32: =IF(OR(H$13="",H$17="",H$14="",H$15="",H$16="",H$18="",H$19="",H$20="",H$21=""),"",1-(H18/(H$1*24))) -> 0.70208333 | I32: =IF(OR(I$13="",I$17="",I$14="",I$15="",I$16="",I$18="",I$19="",I$20="",I$21=""),"",1-(I18/(I$1*24))) -> 1 | J32: =IF(OR(J$13="",J$17="",J$14="",J$15="",J$16="",J$18="",J$19="",J$20="",J$21=""),"",1-(J18/(J$1*24))) -> 0.51208333 | ... SW32: =IF(OR(SW$13="",SW$17="",SW$14="",SW$15="",SW$16="",SW$18="",SW$19="",SW$20="",SW$21=""),"",1-(SW18/(SW$1*24)))
A33: 777 | B33: RT407 | C33: =IF(OR(C$13="",C$17="",C$14="",C$15="",C$16="",C$18="",C$19="",C$20="",C$21=""),"",1-(C19/(C$1*24))) -> 1 | D33: =IF(OR(D$13="",D$17="",D$14="",D$15="",D$16="",D$18="",D$19="",D$20="",D$21=""),"",1-(D19/(D$1*24))) -> 1 | E33: =IF(OR(E$13="",E$17="",E$14="",E$15="",E$16="",E$18="",E$19="",E$20="",E$21=""),"",1-(E19/(E$1*24))) -> 1 | F33: =IF(OR(F$13="",F$17="",F$14="",F$15="",F$16="",F$18="",F$19="",F$20="",F$21=""),"",1-(F19/(F$1*24))) -> 1 | G33: =IF(OR(G$13="",G$17="",G$14="",G$15="",G$16="",G$18="",G$19="",G$20="",G$21=""),"",1-(G19/(G$1*24))) -> 1 | H33: =IF(OR(H$13="",H$17="",H$14="",H$15="",H$16="",H$18="",H$19="",H$20="",H$21=""),"",1-(H19/(H$1*24))) -> 1 | I33: =IF(OR(I$13="",I$17="",I$14="",I$15="",I$16="",I$18="",I$19="",I$20="",I$21=""),"",1-(I19/(I$1*24))) -> 1 | J33: =IF(OR(J$13="",J$17="",J$14="",J$15="",J$16="",J$18="",J$19="",J$20="",J$21=""),"",1-(J19/(J$1*24))) -> 1 | ... SW33: =IF(OR(SW$13="",SW$17="",SW$14="",SW$15="",SW$16="",SW$18="",SW$19="",SW$20="",SW$21=""),"",1-(SW19/(SW$1*24)))
A34: 777 | B34: RT408 | C34: =IF(OR(C$13="",C$17="",C$14="",C$15="",C$16="",C$18="",C$19="",C$20="",C$21=""),"",1-(C20/(C$1*24))) -> 1 | D34: =IF(OR(D$13="",D$17="",D$14="",D$15="",D$16="",D$18="",D$19="",D$20="",D$21=""),"",1-(D20/(D$1*24))) -> 1 | E34: =IF(OR(E$13="",E$17="",E$14="",E$15="",E$16="",E$18="",E$19="",E$20="",E$21=""),"",1-(E20/(E$1*24))) -> 0.83125 | F34: =IF(OR(F$13="",F$17="",F$14="",F$15="",F$16="",F$18="",F$19="",F$20="",F$21=""),"",1-(F20/(F$1*24))) -> 1 | G34: =IF(OR(G$13="",G$17="",G$14="",G$15="",G$16="",G$18="",G$19="",G$20="",G$21=""),"",1-(G20/(G$1*24))) -> 1 | H34: =IF(OR(H$13="",H$17="",H$14="",H$15="",H$16="",H$18="",H$19="",H$20="",H$21=""),"",1-(H20/(H$1*24))) -> 0.82416667 | I34: =IF(OR(I$13="",I$17="",I$14="",I$15="",I$16="",I$18="",I$19="",I$20="",I$21=""),"",1-(I20/(I$1*24))) -> 0.59083333 | J34: =IF(OR(J$13="",J$17="",J$14="",J$15="",J$16="",J$18="",J$19="",J$20="",J$21=""),"",1-(J20/(J$1*24))) -> 0.24375 | ... SW34: =IF(OR(SW$13="",SW$17="",SW$14="",SW$15="",SW$16="",SW$18="",SW$19="",SW$20="",SW$21=""),"",1-(SW20/(SW$1*24)))
A35: 777 | B35: RT409 | C35: =IF(OR(C$13="",C$17="",C$14="",C$15="",C$16="",C$18="",C$19="",C$20="",C$21=""),"",1-(C21/(C$1*24))) -> 1 | D35: =IF(OR(D$13="",D$17="",D$14="",D$15="",D$16="",D$18="",D$19="",D$20="",D$21=""),"",1-(D21/(D$1*24))) -> 1 | E35: =IF(OR(E$13="",E$17="",E$14="",E$15="",E$16="",E$18="",E$19="",E$20="",E$21=""),"",1-(E21/(E$1*24))) -> 1 | F35: =IF(OR(F$13="",F$17="",F$14="",F$15="",F$16="",F$18="",F$19="",F$20="",F$21=""),"",1-(F21/(F$1*24))) -> 1 | G35: =IF(OR(G$13="",G$17="",G$14="",G$15="",G$16="",G$18="",G$19="",G$20="",G$21=""),"",1-(G21/(G$1*24))) -> 1 | H35: =IF(OR(H$13="",H$17="",H$14="",H$15="",H$16="",H$18="",H$19="",H$20="",H$21=""),"",1-(H21/(H$1*24))) -> 1 | I35: =IF(OR(I$13="",I$17="",I$14="",I$15="",I$16="",I$18="",I$19="",I$20="",I$21=""),"",1-(I21/(I$1*24))) -> 1 | J35: =IF(OR(J$13="",J$17="",J$14="",J$15="",J$16="",J$18="",J$19="",J$20="",J$21=""),"",1-(J21/(J$1*24))) -> 1 | ... SW35: =IF(OR(SW$13="",SW$17="",SW$14="",SW$15="",SW$16="",SW$18="",SW$19="",SW$20="",SW$21=""),"",1-(SW21/(SW$1*24)))
